2026-01-07 06:55:23,425 - main - INFO - Starting Debate AI System...
2026-01-07 06:55:23,620 - sqlalchemy.engine.Engine - INFO - select pg_catalog.version()
2026-01-07 06:55:23,622 - sqlalchemy.engine.Engine - INFO - [raw sql] ()
2026-01-07 06:55:23,664 - sqlalchemy.engine.Engine - INFO - select current_schema()
2026-01-07 06:55:23,665 - sqlalchemy.engine.Engine - INFO - [raw sql] ()
2026-01-07 06:55:23,669 - sqlalchemy.engine.Engine - INFO - show standard_conforming_strings
2026-01-07 06:55:23,676 - sqlalchemy.engine.Engine - INFO - [raw sql] ()
2026-01-07 06:55:23,687 - sqlalchemy.engine.Engine - INFO - BEGIN (implicit)
2026-01-07 06:55:23,699 - sqlalchemy.engine.Engine - INFO - SELECT pg_catalog.pg_class.relname 
FROM pg_catalog.pg_class JOIN pg_catalog.pg_namespace ON pg_catalog.pg_namespace.oid = pg_catalog.pg_class.relnamespace 
WHERE pg_catalog.pg_class.relname = $1::VARCHAR AND pg_catalog.pg_class.relkind = ANY (ARRAY[$2::VARCHAR, $3::VARCHAR, $4::VARCHAR, $5::VARCHAR, $6::VARCHAR]) AND pg_catalog.pg_table_is_visible(pg_catalog.pg_class.oid) AND pg_catalog.pg_namespace.nspname != $7::VARCHAR
2026-01-07 06:55:23,701 - sqlalchemy.engine.Engine - INFO - [generated in 0.00202s] ('users', 'r', 'p', 'f', 'v', 'm', 'pg_catalog')
2026-01-07 06:55:23,731 - sqlalchemy.engine.Engine - INFO - SELECT pg_catalog.pg_class.relname 
FROM pg_catalog.pg_class JOIN pg_catalog.pg_namespace ON pg_catalog.pg_namespace.oid = pg_catalog.pg_class.relnamespace 
WHERE pg_catalog.pg_class.relname = $1::VARCHAR AND pg_catalog.pg_class.relkind = ANY (ARRAY[$2::VARCHAR, $3::VARCHAR, $4::VARCHAR, $5::VARCHAR, $6::VARCHAR]) AND pg_catalog.pg_table_is_visible(pg_catalog.pg_class.oid) AND pg_catalog.pg_namespace.nspname != $7::VARCHAR
2026-01-07 06:55:23,733 - sqlalchemy.engine.Engine - INFO - [cached since 0.03386s ago] ('debate_sessions', 'r', 'p', 'f', 'v', 'm', 'pg_catalog')
2026-01-07 06:55:23,734 - sqlalchemy.engine.Engine - INFO - SELECT pg_catalog.pg_class.relname 
FROM pg_catalog.pg_class JOIN pg_catalog.pg_namespace ON pg_catalog.pg_namespace.oid = pg_catalog.pg_class.relnamespace 
WHERE pg_catalog.pg_class.relname = $1::VARCHAR AND pg_catalog.pg_class.relkind = ANY (ARRAY[$2::VARCHAR, $3::VARCHAR, $4::VARCHAR, $5::VARCHAR, $6::VARCHAR]) AND pg_catalog.pg_table_is_visible(pg_catalog.pg_class.oid) AND pg_catalog.pg_namespace.nspname != $7::VARCHAR
2026-01-07 06:55:23,736 - sqlalchemy.engine.Engine - INFO - [cached since 0.03699s ago] ('turns', 'r', 'p', 'f', 'v', 'm', 'pg_catalog')
2026-01-07 06:55:23,743 - sqlalchemy.engine.Engine - INFO - SELECT pg_catalog.pg_class.relname 
FROM pg_catalog.pg_class JOIN pg_catalog.pg_namespace ON pg_catalog.pg_namespace.oid = pg_catalog.pg_class.relnamespace 
WHERE pg_catalog.pg_class.relname = $1::VARCHAR AND pg_catalog.pg_class.relkind = ANY (ARRAY[$2::VARCHAR, $3::VARCHAR, $4::VARCHAR, $5::VARCHAR, $6::VARCHAR]) AND pg_catalog.pg_table_is_visible(pg_catalog.pg_class.oid) AND pg_catalog.pg_namespace.nspname != $7::VARCHAR
2026-01-07 06:55:23,751 - sqlalchemy.engine.Engine - INFO - [cached since 0.0524s ago] ('fallacies', 'r', 'p', 'f', 'v', 'm', 'pg_catalog')
2026-01-07 06:55:23,755 - sqlalchemy.engine.Engine - INFO - SELECT pg_catalog.pg_class.relname 
FROM pg_catalog.pg_class JOIN pg_catalog.pg_namespace ON pg_catalog.pg_namespace.oid = pg_catalog.pg_class.relnamespace 
WHERE pg_catalog.pg_class.relname = $1::VARCHAR AND pg_catalog.pg_class.relkind = ANY (ARRAY[$2::VARCHAR, $3::VARCHAR, $4::VARCHAR, $5::VARCHAR, $6::VARCHAR]) AND pg_catalog.pg_table_is_visible(pg_catalog.pg_class.oid) AND pg_catalog.pg_namespace.nspname != $7::VARCHAR
2026-01-07 06:55:23,766 - sqlalchemy.engine.Engine - INFO - [cached since 0.0672s ago] ('achievements', 'r', 'p', 'f', 'v', 'm', 'pg_catalog')
2026-01-07 06:55:23,769 - sqlalchemy.engine.Engine - INFO - COMMIT
2026-01-07 06:55:23,772 - main - INFO - Database tables created/verified
2026-01-07 06:55:23,774 - main - INFO - Application started successfully
2026-01-07 06:56:46,540 - main - INFO - Shutting down application...
2026-01-07 06:56:50,221 - main - INFO - Starting Debate AI System...
2026-01-07 06:56:50,337 - sqlalchemy.engine.Engine - INFO - select pg_catalog.version()
2026-01-07 06:56:50,338 - sqlalchemy.engine.Engine - INFO - [raw sql] ()
2026-01-07 06:56:50,341 - sqlalchemy.engine.Engine - INFO - select current_schema()
2026-01-07 06:56:50,342 - sqlalchemy.engine.Engine - INFO - [raw sql] ()
2026-01-07 06:56:50,344 - sqlalchemy.engine.Engine - INFO - show standard_conforming_strings
2026-01-07 06:56:50,345 - sqlalchemy.engine.Engine - INFO - [raw sql] ()
2026-01-07 06:56:50,347 - sqlalchemy.engine.Engine - INFO - BEGIN (implicit)
2026-01-07 06:56:50,355 - sqlalchemy.engine.Engine - INFO - SELECT pg_catalog.pg_class.relname 
FROM pg_catalog.pg_class JOIN pg_catalog.pg_namespace ON pg_catalog.pg_namespace.oid = pg_catalog.pg_class.relnamespace 
WHERE pg_catalog.pg_class.relname = $1::VARCHAR AND pg_catalog.pg_class.relkind = ANY (ARRAY[$2::VARCHAR, $3::VARCHAR, $4::VARCHAR, $5::VARCHAR, $6::VARCHAR]) AND pg_catalog.pg_table_is_visible(pg_catalog.pg_class.oid) AND pg_catalog.pg_namespace.nspname != $7::VARCHAR
2026-01-07 06:56:50,357 - sqlalchemy.engine.Engine - INFO - [generated in 0.00144s] ('users', 'r', 'p', 'f', 'v', 'm', 'pg_catalog')
2026-01-07 06:56:50,368 - sqlalchemy.engine.Engine - INFO - SELECT pg_catalog.pg_class.relname 
FROM pg_catalog.pg_class JOIN pg_catalog.pg_namespace ON pg_catalog.pg_namespace.oid = pg_catalog.pg_class.relnamespace 
WHERE pg_catalog.pg_class.relname = $1::VARCHAR AND pg_catalog.pg_class.relkind = ANY (ARRAY[$2::VARCHAR, $3::VARCHAR, $4::VARCHAR, $5::VARCHAR, $6::VARCHAR]) AND pg_catalog.pg_table_is_visible(pg_catalog.pg_class.oid) AND pg_catalog.pg_namespace.nspname != $7::VARCHAR
2026-01-07 06:56:50,373 - sqlalchemy.engine.Engine - INFO - [cached since 0.01733s ago] ('debate_sessions', 'r', 'p', 'f', 'v', 'm', 'pg_catalog')
2026-01-07 06:56:50,375 - sqlalchemy.engine.Engine - INFO - SELECT pg_catalog.pg_class.relname 
FROM pg_catalog.pg_class JOIN pg_catalog.pg_namespace ON pg_catalog.pg_namespace.oid = pg_catalog.pg_class.relnamespace 
WHERE pg_catalog.pg_class.relname = $1::VARCHAR AND pg_catalog.pg_class.relkind = ANY (ARRAY[$2::VARCHAR, $3::VARCHAR, $4::VARCHAR, $5::VARCHAR, $6::VARCHAR]) AND pg_catalog.pg_table_is_visible(pg_catalog.pg_class.oid) AND pg_catalog.pg_namespace.nspname != $7::VARCHAR
2026-01-07 06:56:50,378 - sqlalchemy.engine.Engine - INFO - [cached since 0.02287s ago] ('turns', 'r', 'p', 'f', 'v', 'm', 'pg_catalog')
2026-01-07 06:56:50,380 - sqlalchemy.engine.Engine - INFO - SELECT pg_catalog.pg_class.relname 
FROM pg_catalog.pg_class JOIN pg_catalog.pg_namespace ON pg_catalog.pg_namespace.oid = pg_catalog.pg_class.relnamespace 
WHERE pg_catalog.pg_class.relname = $1::VARCHAR AND pg_catalog.pg_class.relkind = ANY (ARRAY[$2::VARCHAR, $3::VARCHAR, $4::VARCHAR, $5::VARCHAR, $6::VARCHAR]) AND pg_catalog.pg_table_is_visible(pg_catalog.pg_class.oid) AND pg_catalog.pg_namespace.nspname != $7::VARCHAR
2026-01-07 06:56:50,387 - sqlalchemy.engine.Engine - INFO - [cached since 0.03199s ago] ('fallacies', 'r', 'p', 'f', 'v', 'm', 'pg_catalog')
2026-01-07 06:56:50,389 - sqlalchemy.engine.Engine - INFO - SELECT pg_catalog.pg_class.relname 
FROM pg_catalog.pg_class JOIN pg_catalog.pg_namespace ON pg_catalog.pg_namespace.oid = pg_catalog.pg_class.relnamespace 
WHERE pg_catalog.pg_class.relname = $1::VARCHAR AND pg_catalog.pg_class.relkind = ANY (ARRAY[$2::VARCHAR, $3::VARCHAR, $4::VARCHAR, $5::VARCHAR, $6::VARCHAR]) AND pg_catalog.pg_table_is_visible(pg_catalog.pg_class.oid) AND pg_catalog.pg_namespace.nspname != $7::VARCHAR
2026-01-07 06:56:50,393 - sqlalchemy.engine.Engine - INFO - [cached since 0.03777s ago] ('achievements', 'r', 'p', 'f', 'v', 'm', 'pg_catalog')
2026-01-07 06:56:50,395 - sqlalchemy.engine.Engine - INFO - COMMIT
2026-01-07 06:56:50,396 - main - INFO - Database tables created/verified
2026-01-07 06:56:50,397 - main - INFO - Application started successfully
2026-01-07 06:57:09,933 - main - INFO - Shutting down application...
2026-01-07 06:57:13,861 - main - INFO - Starting Debate AI System...
2026-01-07 06:57:14,074 - sqlalchemy.engine.Engine - INFO - select pg_catalog.version()
2026-01-07 06:57:14,075 - sqlalchemy.engine.Engine - INFO - [raw sql] ()
2026-01-07 06:57:14,078 - sqlalchemy.engine.Engine - INFO - select current_schema()
2026-01-07 06:57:14,078 - sqlalchemy.engine.Engine - INFO - [raw sql] ()
2026-01-07 06:57:14,081 - sqlalchemy.engine.Engine - INFO - show standard_conforming_strings
2026-01-07 06:57:14,082 - sqlalchemy.engine.Engine - INFO - [raw sql] ()
2026-01-07 06:57:14,091 - sqlalchemy.engine.Engine - INFO - BEGIN (implicit)
2026-01-07 06:57:14,095 - sqlalchemy.engine.Engine - INFO - SELECT pg_catalog.pg_class.relname 
FROM pg_catalog.pg_class JOIN pg_catalog.pg_namespace ON pg_catalog.pg_namespace.oid = pg_catalog.pg_class.relnamespace 
WHERE pg_catalog.pg_class.relname = $1::VARCHAR AND pg_catalog.pg_class.relkind = ANY (ARRAY[$2::VARCHAR, $3::VARCHAR, $4::VARCHAR, $5::VARCHAR, $6::VARCHAR]) AND pg_catalog.pg_table_is_visible(pg_catalog.pg_class.oid) AND pg_catalog.pg_namespace.nspname != $7::VARCHAR
2026-01-07 06:57:14,097 - sqlalchemy.engine.Engine - INFO - [generated in 0.00162s] ('users', 'r', 'p', 'f', 'v', 'm', 'pg_catalog')
2026-01-07 06:57:14,109 - sqlalchemy.engine.Engine - INFO - SELECT pg_catalog.pg_class.relname 
FROM pg_catalog.pg_class JOIN pg_catalog.pg_namespace ON pg_catalog.pg_namespace.oid = pg_catalog.pg_class.relnamespace 
WHERE pg_catalog.pg_class.relname = $1::VARCHAR AND pg_catalog.pg_class.relkind = ANY (ARRAY[$2::VARCHAR, $3::VARCHAR, $4::VARCHAR, $5::VARCHAR, $6::VARCHAR]) AND pg_catalog.pg_table_is_visible(pg_catalog.pg_class.oid) AND pg_catalog.pg_namespace.nspname != $7::VARCHAR
2026-01-07 06:57:14,110 - sqlalchemy.engine.Engine - INFO - [cached since 0.01508s ago] ('debate_sessions', 'r', 'p', 'f', 'v', 'm', 'pg_catalog')
2026-01-07 06:57:14,112 - sqlalchemy.engine.Engine - INFO - SELECT pg_catalog.pg_class.relname 
FROM pg_catalog.pg_class JOIN pg_catalog.pg_namespace ON pg_catalog.pg_namespace.oid = pg_catalog.pg_class.relnamespace 
WHERE pg_catalog.pg_class.relname = $1::VARCHAR AND pg_catalog.pg_class.relkind = ANY (ARRAY[$2::VARCHAR, $3::VARCHAR, $4::VARCHAR, $5::VARCHAR, $6::VARCHAR]) AND pg_catalog.pg_table_is_visible(pg_catalog.pg_class.oid) AND pg_catalog.pg_namespace.nspname != $7::VARCHAR
2026-01-07 06:57:14,113 - sqlalchemy.engine.Engine - INFO - [cached since 0.01788s ago] ('turns', 'r', 'p', 'f', 'v', 'm', 'pg_catalog')
2026-01-07 06:57:14,114 - sqlalchemy.engine.Engine - INFO - SELECT pg_catalog.pg_class.relname 
FROM pg_catalog.pg_class JOIN pg_catalog.pg_namespace ON pg_catalog.pg_namespace.oid = pg_catalog.pg_class.relnamespace 
WHERE pg_catalog.pg_class.relname = $1::VARCHAR AND pg_catalog.pg_class.relkind = ANY (ARRAY[$2::VARCHAR, $3::VARCHAR, $4::VARCHAR, $5::VARCHAR, $6::VARCHAR]) AND pg_catalog.pg_table_is_visible(pg_catalog.pg_class.oid) AND pg_catalog.pg_namespace.nspname != $7::VARCHAR
2026-01-07 06:57:14,122 - sqlalchemy.engine.Engine - INFO - [cached since 0.02657s ago] ('fallacies', 'r', 'p', 'f', 'v', 'm', 'pg_catalog')
2026-01-07 06:57:14,123 - sqlalchemy.engine.Engine - INFO - SELECT pg_catalog.pg_class.relname 
FROM pg_catalog.pg_class JOIN pg_catalog.pg_namespace ON pg_catalog.pg_namespace.oid = pg_catalog.pg_class.relnamespace 
WHERE pg_catalog.pg_class.relname = $1::VARCHAR AND pg_catalog.pg_class.relkind = ANY (ARRAY[$2::VARCHAR, $3::VARCHAR, $4::VARCHAR, $5::VARCHAR, $6::VARCHAR]) AND pg_catalog.pg_table_is_visible(pg_catalog.pg_class.oid) AND pg_catalog.pg_namespace.nspname != $7::VARCHAR
2026-01-07 06:57:14,126 - sqlalchemy.engine.Engine - INFO - [cached since 0.03044s ago] ('achievements', 'r', 'p', 'f', 'v', 'm', 'pg_catalog')
2026-01-07 06:57:14,130 - sqlalchemy.engine.Engine - INFO - COMMIT
2026-01-07 06:57:14,131 - main - INFO - Database tables created/verified
2026-01-07 06:57:14,132 - main - INFO - Application started successfully
2026-01-07 06:58:22,318 - main - INFO - Shutting down application...
2026-01-07 06:58:26,170 - main - INFO - Starting Debate AI System...
2026-01-07 06:58:26,274 - sqlalchemy.engine.Engine - INFO - select pg_catalog.version()
2026-01-07 06:58:26,275 - sqlalchemy.engine.Engine - INFO - [raw sql] ()
2026-01-07 06:58:26,278 - sqlalchemy.engine.Engine - INFO - select current_schema()
2026-01-07 06:58:26,278 - sqlalchemy.engine.Engine - INFO - [raw sql] ()
2026-01-07 06:58:26,280 - sqlalchemy.engine.Engine - INFO - show standard_conforming_strings
2026-01-07 06:58:26,281 - sqlalchemy.engine.Engine - INFO - [raw sql] ()
2026-01-07 06:58:26,283 - sqlalchemy.engine.Engine - INFO - BEGIN (implicit)
2026-01-07 06:58:26,291 - sqlalchemy.engine.Engine - INFO - SELECT pg_catalog.pg_class.relname 
FROM pg_catalog.pg_class JOIN pg_catalog.pg_namespace ON pg_catalog.pg_namespace.oid = pg_catalog.pg_class.relnamespace 
WHERE pg_catalog.pg_class.relname = $1::VARCHAR AND pg_catalog.pg_class.relkind = ANY (ARRAY[$2::VARCHAR, $3::VARCHAR, $4::VARCHAR, $5::VARCHAR, $6::VARCHAR]) AND pg_catalog.pg_table_is_visible(pg_catalog.pg_class.oid) AND pg_catalog.pg_namespace.nspname != $7::VARCHAR
2026-01-07 06:58:26,293 - sqlalchemy.engine.Engine - INFO - [generated in 0.00212s] ('users', 'r', 'p', 'f', 'v', 'm', 'pg_catalog')
2026-01-07 06:58:26,303 - sqlalchemy.engine.Engine - INFO - SELECT pg_catalog.pg_class.relname 
FROM pg_catalog.pg_class JOIN pg_catalog.pg_namespace ON pg_catalog.pg_namespace.oid = pg_catalog.pg_class.relnamespace 
WHERE pg_catalog.pg_class.relname = $1::VARCHAR AND pg_catalog.pg_class.relkind = ANY (ARRAY[$2::VARCHAR, $3::VARCHAR, $4::VARCHAR, $5::VARCHAR, $6::VARCHAR]) AND pg_catalog.pg_table_is_visible(pg_catalog.pg_class.oid) AND pg_catalog.pg_namespace.nspname != $7::VARCHAR
2026-01-07 06:58:26,304 - sqlalchemy.engine.Engine - INFO - [cached since 0.01309s ago] ('debate_sessions', 'r', 'p', 'f', 'v', 'm', 'pg_catalog')
2026-01-07 06:58:26,306 - sqlalchemy.engine.Engine - INFO - SELECT pg_catalog.pg_class.relname 
FROM pg_catalog.pg_class JOIN pg_catalog.pg_namespace ON pg_catalog.pg_namespace.oid = pg_catalog.pg_class.relnamespace 
WHERE pg_catalog.pg_class.relname = $1::VARCHAR AND pg_catalog.pg_class.relkind = ANY (ARRAY[$2::VARCHAR, $3::VARCHAR, $4::VARCHAR, $5::VARCHAR, $6::VARCHAR]) AND pg_catalog.pg_table_is_visible(pg_catalog.pg_class.oid) AND pg_catalog.pg_namespace.nspname != $7::VARCHAR
2026-01-07 06:58:26,307 - sqlalchemy.engine.Engine - INFO - [cached since 0.01569s ago] ('turns', 'r', 'p', 'f', 'v', 'm', 'pg_catalog')
2026-01-07 06:58:26,308 - sqlalchemy.engine.Engine - INFO - SELECT pg_catalog.pg_class.relname 
FROM pg_catalog.pg_class JOIN pg_catalog.pg_namespace ON pg_catalog.pg_namespace.oid = pg_catalog.pg_class.relnamespace 
WHERE pg_catalog.pg_class.relname = $1::VARCHAR AND pg_catalog.pg_class.relkind = ANY (ARRAY[$2::VARCHAR, $3::VARCHAR, $4::VARCHAR, $5::VARCHAR, $6::VARCHAR]) AND pg_catalog.pg_table_is_visible(pg_catalog.pg_class.oid) AND pg_catalog.pg_namespace.nspname != $7::VARCHAR
2026-01-07 06:58:26,310 - sqlalchemy.engine.Engine - INFO - [cached since 0.0187s ago] ('fallacies', 'r', 'p', 'f', 'v', 'm', 'pg_catalog')
2026-01-07 06:58:26,314 - sqlalchemy.engine.Engine - INFO - SELECT pg_catalog.pg_class.relname 
FROM pg_catalog.pg_class JOIN pg_catalog.pg_namespace ON pg_catalog.pg_namespace.oid = pg_catalog.pg_class.relnamespace 
WHERE pg_catalog.pg_class.relname = $1::VARCHAR AND pg_catalog.pg_class.relkind = ANY (ARRAY[$2::VARCHAR, $3::VARCHAR, $4::VARCHAR, $5::VARCHAR, $6::VARCHAR]) AND pg_catalog.pg_table_is_visible(pg_catalog.pg_class.oid) AND pg_catalog.pg_namespace.nspname != $7::VARCHAR
2026-01-07 06:58:26,316 - sqlalchemy.engine.Engine - INFO - [cached since 0.02552s ago] ('achievements', 'r', 'p', 'f', 'v', 'm', 'pg_catalog')
2026-01-07 06:58:26,319 - sqlalchemy.engine.Engine - INFO - COMMIT
2026-01-07 06:58:26,320 - main - INFO - Database tables created/verified
2026-01-07 06:58:26,320 - main - INFO - Application started successfully
2026-01-07 07:00:54,158 - main - INFO - Shutting down application...
2026-01-07 07:00:58,327 - main - INFO - Starting Debate AI System...
2026-01-07 07:00:58,536 - sqlalchemy.engine.Engine - INFO - select pg_catalog.version()
2026-01-07 07:00:58,537 - sqlalchemy.engine.Engine - INFO - [raw sql] ()
2026-01-07 07:00:58,539 - sqlalchemy.engine.Engine - INFO - select current_schema()
2026-01-07 07:00:58,540 - sqlalchemy.engine.Engine - INFO - [raw sql] ()
2026-01-07 07:00:58,542 - sqlalchemy.engine.Engine - INFO - show standard_conforming_strings
2026-01-07 07:00:58,542 - sqlalchemy.engine.Engine - INFO - [raw sql] ()
2026-01-07 07:00:58,545 - sqlalchemy.engine.Engine - INFO - BEGIN (implicit)
2026-01-07 07:00:58,552 - sqlalchemy.engine.Engine - INFO - SELECT pg_catalog.pg_class.relname 
FROM pg_catalog.pg_class JOIN pg_catalog.pg_namespace ON pg_catalog.pg_namespace.oid = pg_catalog.pg_class.relnamespace 
WHERE pg_catalog.pg_class.relname = $1::VARCHAR AND pg_catalog.pg_class.relkind = ANY (ARRAY[$2::VARCHAR, $3::VARCHAR, $4::VARCHAR, $5::VARCHAR, $6::VARCHAR]) AND pg_catalog.pg_table_is_visible(pg_catalog.pg_class.oid) AND pg_catalog.pg_namespace.nspname != $7::VARCHAR
2026-01-07 07:00:58,554 - sqlalchemy.engine.Engine - INFO - [generated in 0.00135s] ('users', 'r', 'p', 'f', 'v', 'm', 'pg_catalog')
2026-01-07 07:00:58,564 - sqlalchemy.engine.Engine - INFO - SELECT pg_catalog.pg_class.relname 
FROM pg_catalog.pg_class JOIN pg_catalog.pg_namespace ON pg_catalog.pg_namespace.oid = pg_catalog.pg_class.relnamespace 
WHERE pg_catalog.pg_class.relname = $1::VARCHAR AND pg_catalog.pg_class.relkind = ANY (ARRAY[$2::VARCHAR, $3::VARCHAR, $4::VARCHAR, $5::VARCHAR, $6::VARCHAR]) AND pg_catalog.pg_table_is_visible(pg_catalog.pg_class.oid) AND pg_catalog.pg_namespace.nspname != $7::VARCHAR
2026-01-07 07:00:58,565 - sqlalchemy.engine.Engine - INFO - [cached since 0.013s ago] ('debate_sessions', 'r', 'p', 'f', 'v', 'm', 'pg_catalog')
2026-01-07 07:00:58,567 - sqlalchemy.engine.Engine - INFO - SELECT pg_catalog.pg_class.relname 
FROM pg_catalog.pg_class JOIN pg_catalog.pg_namespace ON pg_catalog.pg_namespace.oid = pg_catalog.pg_class.relnamespace 
WHERE pg_catalog.pg_class.relname = $1::VARCHAR AND pg_catalog.pg_class.relkind = ANY (ARRAY[$2::VARCHAR, $3::VARCHAR, $4::VARCHAR, $5::VARCHAR, $6::VARCHAR]) AND pg_catalog.pg_table_is_visible(pg_catalog.pg_class.oid) AND pg_catalog.pg_namespace.nspname != $7::VARCHAR
2026-01-07 07:00:58,568 - sqlalchemy.engine.Engine - INFO - [cached since 0.01584s ago] ('turns', 'r', 'p', 'f', 'v', 'm', 'pg_catalog')
2026-01-07 07:00:58,571 - sqlalchemy.engine.Engine - INFO - SELECT pg_catalog.pg_class.relname 
FROM pg_catalog.pg_class JOIN pg_catalog.pg_namespace ON pg_catalog.pg_namespace.oid = pg_catalog.pg_class.relnamespace 
WHERE pg_catalog.pg_class.relname = $1::VARCHAR AND pg_catalog.pg_class.relkind = ANY (ARRAY[$2::VARCHAR, $3::VARCHAR, $4::VARCHAR, $5::VARCHAR, $6::VARCHAR]) AND pg_catalog.pg_table_is_visible(pg_catalog.pg_class.oid) AND pg_catalog.pg_namespace.nspname != $7::VARCHAR
2026-01-07 07:00:58,572 - sqlalchemy.engine.Engine - INFO - [cached since 0.02007s ago] ('fallacies', 'r', 'p', 'f', 'v', 'm', 'pg_catalog')
2026-01-07 07:00:58,576 - sqlalchemy.engine.Engine - INFO - SELECT pg_catalog.pg_class.relname 
FROM pg_catalog.pg_class JOIN pg_catalog.pg_namespace ON pg_catalog.pg_namespace.oid = pg_catalog.pg_class.relnamespace 
WHERE pg_catalog.pg_class.relname = $1::VARCHAR AND pg_catalog.pg_class.relkind = ANY (ARRAY[$2::VARCHAR, $3::VARCHAR, $4::VARCHAR, $5::VARCHAR, $6::VARCHAR]) AND pg_catalog.pg_table_is_visible(pg_catalog.pg_class.oid) AND pg_catalog.pg_namespace.nspname != $7::VARCHAR
2026-01-07 07:00:58,580 - sqlalchemy.engine.Engine - INFO - [cached since 0.02718s ago] ('achievements', 'r', 'p', 'f', 'v', 'm', 'pg_catalog')
2026-01-07 07:00:58,582 - sqlalchemy.engine.Engine - INFO - COMMIT
2026-01-07 07:00:58,586 - main - INFO - Database tables created/verified
2026-01-07 07:00:58,586 - main - INFO - Application started successfully
2026-01-07 07:00:59,123 - main - INFO - Shutting down application...
2026-01-07 07:01:03,031 - main - INFO - Starting Debate AI System...
2026-01-07 07:01:03,135 - sqlalchemy.engine.Engine - INFO - select pg_catalog.version()
2026-01-07 07:01:03,135 - sqlalchemy.engine.Engine - INFO - [raw sql] ()
2026-01-07 07:01:03,138 - sqlalchemy.engine.Engine - INFO - select current_schema()
2026-01-07 07:01:03,139 - sqlalchemy.engine.Engine - INFO - [raw sql] ()
2026-01-07 07:01:03,141 - sqlalchemy.engine.Engine - INFO - show standard_conforming_strings
2026-01-07 07:01:03,141 - sqlalchemy.engine.Engine - INFO - [raw sql] ()
2026-01-07 07:01:03,144 - sqlalchemy.engine.Engine - INFO - BEGIN (implicit)
2026-01-07 07:01:03,151 - sqlalchemy.engine.Engine - INFO - SELECT pg_catalog.pg_class.relname 
FROM pg_catalog.pg_class JOIN pg_catalog.pg_namespace ON pg_catalog.pg_namespace.oid = pg_catalog.pg_class.relnamespace 
WHERE pg_catalog.pg_class.relname = $1::VARCHAR AND pg_catalog.pg_class.relkind = ANY (ARRAY[$2::VARCHAR, $3::VARCHAR, $4::VARCHAR, $5::VARCHAR, $6::VARCHAR]) AND pg_catalog.pg_table_is_visible(pg_catalog.pg_class.oid) AND pg_catalog.pg_namespace.nspname != $7::VARCHAR
2026-01-07 07:01:03,152 - sqlalchemy.engine.Engine - INFO - [generated in 0.00138s] ('users', 'r', 'p', 'f', 'v', 'm', 'pg_catalog')
2026-01-07 07:01:03,165 - sqlalchemy.engine.Engine - INFO - SELECT pg_catalog.pg_class.relname 
FROM pg_catalog.pg_class JOIN pg_catalog.pg_namespace ON pg_catalog.pg_namespace.oid = pg_catalog.pg_class.relnamespace 
WHERE pg_catalog.pg_class.relname = $1::VARCHAR AND pg_catalog.pg_class.relkind = ANY (ARRAY[$2::VARCHAR, $3::VARCHAR, $4::VARCHAR, $5::VARCHAR, $6::VARCHAR]) AND pg_catalog.pg_table_is_visible(pg_catalog.pg_class.oid) AND pg_catalog.pg_namespace.nspname != $7::VARCHAR
2026-01-07 07:01:03,166 - sqlalchemy.engine.Engine - INFO - [cached since 0.015s ago] ('debate_sessions', 'r', 'p', 'f', 'v', 'm', 'pg_catalog')
2026-01-07 07:01:03,167 - sqlalchemy.engine.Engine - INFO - SELECT pg_catalog.pg_class.relname 
FROM pg_catalog.pg_class JOIN pg_catalog.pg_namespace ON pg_catalog.pg_namespace.oid = pg_catalog.pg_class.relnamespace 
WHERE pg_catalog.pg_class.relname = $1::VARCHAR AND pg_catalog.pg_class.relkind = ANY (ARRAY[$2::VARCHAR, $3::VARCHAR, $4::VARCHAR, $5::VARCHAR, $6::VARCHAR]) AND pg_catalog.pg_table_is_visible(pg_catalog.pg_class.oid) AND pg_catalog.pg_namespace.nspname != $7::VARCHAR
2026-01-07 07:01:03,169 - sqlalchemy.engine.Engine - INFO - [cached since 0.01808s ago] ('turns', 'r', 'p', 'f', 'v', 'm', 'pg_catalog')
2026-01-07 07:01:03,171 - sqlalchemy.engine.Engine - INFO - SELECT pg_catalog.pg_class.relname 
FROM pg_catalog.pg_class JOIN pg_catalog.pg_namespace ON pg_catalog.pg_namespace.oid = pg_catalog.pg_class.relnamespace 
WHERE pg_catalog.pg_class.relname = $1::VARCHAR AND pg_catalog.pg_class.relkind = ANY (ARRAY[$2::VARCHAR, $3::VARCHAR, $4::VARCHAR, $5::VARCHAR, $6::VARCHAR]) AND pg_catalog.pg_table_is_visible(pg_catalog.pg_class.oid) AND pg_catalog.pg_namespace.nspname != $7::VARCHAR
2026-01-07 07:01:03,176 - sqlalchemy.engine.Engine - INFO - [cached since 0.02442s ago] ('fallacies', 'r', 'p', 'f', 'v', 'm', 'pg_catalog')
2026-01-07 07:01:03,178 - sqlalchemy.engine.Engine - INFO - SELECT pg_catalog.pg_class.relname 
FROM pg_catalog.pg_class JOIN pg_catalog.pg_namespace ON pg_catalog.pg_namespace.oid = pg_catalog.pg_class.relnamespace 
WHERE pg_catalog.pg_class.relname = $1::VARCHAR AND pg_catalog.pg_class.relkind = ANY (ARRAY[$2::VARCHAR, $3::VARCHAR, $4::VARCHAR, $5::VARCHAR, $6::VARCHAR]) AND pg_catalog.pg_table_is_visible(pg_catalog.pg_class.oid) AND pg_catalog.pg_namespace.nspname != $7::VARCHAR
2026-01-07 07:01:03,182 - sqlalchemy.engine.Engine - INFO - [cached since 0.03058s ago] ('achievements', 'r', 'p', 'f', 'v', 'm', 'pg_catalog')
2026-01-07 07:01:03,185 - sqlalchemy.engine.Engine - INFO - COMMIT
2026-01-07 07:01:03,187 - main - INFO - Database tables created/verified
2026-01-07 07:01:03,187 - main - INFO - Application started successfully
2026-01-07 07:02:06,191 - sqlalchemy.engine.Engine - INFO - BEGIN (implicit)
2026-01-07 07:02:06,230 - sqlalchemy.engine.Engine - INFO - SELECT users.user_id, users.username, users.email, users.current_skill_level, users.total_debates, users.created_at, users.updated_at 
FROM users 
WHERE users.user_id = $1::UUID
2026-01-07 07:02:06,231 - sqlalchemy.engine.Engine - INFO - [generated in 0.00113s] ('8f3c2e7b-6b4a-4c9a-9e6f-2d5c1a8f7e42',)
2026-01-07 07:02:06,259 - sqlalchemy.engine.Engine - INFO - INSERT INTO debate_sessions (session_id, user_id, topic, difficulty, status, ended_at, total_turns, avg_argument_strength, fallacy_count, overall_performance) VALUES ($1::VARCHAR, $2::UUID, $3::VARCHAR, $4::VARCHAR, $5::VARCHAR, $6::TIMESTAMP WITH TIME ZONE, $7::INTEGER, $8::FLOAT, $9::INTEGER, $10::VARCHAR) RETURNING debate_sessions.started_at
2026-01-07 07:02:06,260 - sqlalchemy.engine.Engine - INFO - [generated in 0.00103s] ('debate_ccac83baf1bd', '8f3c2e7b-6b4a-4c9a-9e6f-2d5c1a8f7e42', 'ai', 'standard', 'active', None, None, None, None, None)
2026-01-07 07:02:06,289 - sqlalchemy.engine.Engine - INFO - COMMIT
2026-01-07 07:02:55,357 - sqlalchemy.engine.Engine - INFO - BEGIN (implicit)
2026-01-07 07:02:55,361 - sqlalchemy.engine.Engine - INFO - SELECT debate_sessions.session_id, debate_sessions.user_id, debate_sessions.topic, debate_sessions.difficulty, debate_sessions.status, debate_sessions.started_at, debate_sessions.ended_at, debate_sessions.total_turns, debate_sessions.avg_argument_strength, debate_sessions.fallacy_count, debate_sessions.overall_performance, debate_sessions.final_state 
FROM debate_sessions 
WHERE debate_sessions.session_id = $1::VARCHAR
2026-01-07 07:02:55,377 - sqlalchemy.engine.Engine - INFO - [generated in 0.01613s] ('debate_ccac83baf1bd',)
2026-01-07 07:02:55,402 - sqlalchemy.engine.Engine - INFO - SELECT turns.turn_id, turns.session_id, turns.turn_number, turns.user_input, turns.ai_response, turns.analyzer_output, turns.research_output, turns.socratic_output, turns.advocate_output, turns.user_skill_at_turn, turns.argument_strength, turns.timestamp 
FROM turns 
WHERE turns.session_id = $1::VARCHAR
2026-01-07 07:02:55,406 - sqlalchemy.engine.Engine - INFO - [generated in 0.00420s] ('debate_ccac83baf1bd',)
2026-01-07 07:03:06,705 - sqlalchemy.engine.Engine - INFO - INSERT INTO turns (turn_id, session_id, turn_number, user_input, ai_response, analyzer_output, research_output, socratic_output, advocate_output, user_skill_at_turn, argument_strength) VALUES ($1::UUID, $2::VARCHAR, $3::INTEGER, $4::VARCHAR, $5::VARCHAR, $6::JSONB, $7::JSONB, $8::JSONB, $9::JSONB, $10::FLOAT, $11::FLOAT) RETURNING turns.timestamp
2026-01-07 07:03:06,706 - sqlalchemy.engine.Engine - INFO - [generated in 0.00176s] (UUID('f78cdc0f-aff6-4074-bbfc-c340016b7b69'), 'debate_ccac83baf1bd', 1, 'i think ai will takes the human jobs', 'That', '{"claims": [{"text": "AI will take human jobs", "type": "main_claim", "is_new": false}], "evidence_provided": {"has_evidence": false, "evidence_type" ... (1522 characters truncated) ... ry weak."}, "patterns": {"repeated_claim": true, "avoiding_counter_evidence": false, "emotional_language": false, "improving_from_last_turn": false}}', 'null', '{"questions": [{"question_text": "When you say AI will \'take\' human jobs, what specific types of jobs are you most concerned about, and why do you  ... (1618 characters truncated) ... f_user_concedes": "explore_implications"}, "teaching_moment": {"fallacy_to_address": null, "gentle_explanation": null, "include_in_response": false}}', 'null', 0.37200000000000005, 1.0)
2026-01-07 07:03:06,721 - sqlalchemy.engine.Engine - INFO - COMMIT
2026-01-07 07:07:06,319 - main - INFO - Shutting down application...
2026-01-07 07:07:11,477 - main - INFO - Starting Debate AI System...
2026-01-07 07:07:11,583 - sqlalchemy.engine.Engine - INFO - select pg_catalog.version()
2026-01-07 07:07:11,585 - sqlalchemy.engine.Engine - INFO - [raw sql] ()
2026-01-07 07:07:11,590 - sqlalchemy.engine.Engine - INFO - select current_schema()
2026-01-07 07:07:11,590 - sqlalchemy.engine.Engine - INFO - [raw sql] ()
2026-01-07 07:07:11,593 - sqlalchemy.engine.Engine - INFO - show standard_conforming_strings
2026-01-07 07:07:11,594 - sqlalchemy.engine.Engine - INFO - [raw sql] ()
2026-01-07 07:07:11,597 - sqlalchemy.engine.Engine - INFO - BEGIN (implicit)
2026-01-07 07:07:11,609 - sqlalchemy.engine.Engine - INFO - SELECT pg_catalog.pg_class.relname 
FROM pg_catalog.pg_class JOIN pg_catalog.pg_namespace ON pg_catalog.pg_namespace.oid = pg_catalog.pg_class.relnamespace 
WHERE pg_catalog.pg_class.relname = $1::VARCHAR AND pg_catalog.pg_class.relkind = ANY (ARRAY[$2::VARCHAR, $3::VARCHAR, $4::VARCHAR, $5::VARCHAR, $6::VARCHAR]) AND pg_catalog.pg_table_is_visible(pg_catalog.pg_class.oid) AND pg_catalog.pg_namespace.nspname != $7::VARCHAR
2026-01-07 07:07:11,611 - sqlalchemy.engine.Engine - INFO - [generated in 0.00181s] ('users', 'r', 'p', 'f', 'v', 'm', 'pg_catalog')
2026-01-07 07:07:11,623 - sqlalchemy.engine.Engine - INFO - SELECT pg_catalog.pg_class.relname 
FROM pg_catalog.pg_class JOIN pg_catalog.pg_namespace ON pg_catalog.pg_namespace.oid = pg_catalog.pg_class.relnamespace 
WHERE pg_catalog.pg_class.relname = $1::VARCHAR AND pg_catalog.pg_class.relkind = ANY (ARRAY[$2::VARCHAR, $3::VARCHAR, $4::VARCHAR, $5::VARCHAR, $6::VARCHAR]) AND pg_catalog.pg_table_is_visible(pg_catalog.pg_class.oid) AND pg_catalog.pg_namespace.nspname != $7::VARCHAR
2026-01-07 07:07:11,625 - sqlalchemy.engine.Engine - INFO - [cached since 0.01634s ago] ('debate_sessions', 'r', 'p', 'f', 'v', 'm', 'pg_catalog')
2026-01-07 07:07:11,627 - sqlalchemy.engine.Engine - INFO - SELECT pg_catalog.pg_class.relname 
FROM pg_catalog.pg_class JOIN pg_catalog.pg_namespace ON pg_catalog.pg_namespace.oid = pg_catalog.pg_class.relnamespace 
WHERE pg_catalog.pg_class.relname = $1::VARCHAR AND pg_catalog.pg_class.relkind = ANY (ARRAY[$2::VARCHAR, $3::VARCHAR, $4::VARCHAR, $5::VARCHAR, $6::VARCHAR]) AND pg_catalog.pg_table_is_visible(pg_catalog.pg_class.oid) AND pg_catalog.pg_namespace.nspname != $7::VARCHAR
2026-01-07 07:07:11,628 - sqlalchemy.engine.Engine - INFO - [cached since 0.01913s ago] ('turns', 'r', 'p', 'f', 'v', 'm', 'pg_catalog')
2026-01-07 07:07:11,629 - sqlalchemy.engine.Engine - INFO - SELECT pg_catalog.pg_class.relname 
FROM pg_catalog.pg_class JOIN pg_catalog.pg_namespace ON pg_catalog.pg_namespace.oid = pg_catalog.pg_class.relnamespace 
WHERE pg_catalog.pg_class.relname = $1::VARCHAR AND pg_catalog.pg_class.relkind = ANY (ARRAY[$2::VARCHAR, $3::VARCHAR, $4::VARCHAR, $5::VARCHAR, $6::VARCHAR]) AND pg_catalog.pg_table_is_visible(pg_catalog.pg_class.oid) AND pg_catalog.pg_namespace.nspname != $7::VARCHAR
2026-01-07 07:07:11,639 - sqlalchemy.engine.Engine - INFO - [cached since 0.02997s ago] ('fallacies', 'r', 'p', 'f', 'v', 'm', 'pg_catalog')
2026-01-07 07:07:11,642 - sqlalchemy.engine.Engine - INFO - SELECT pg_catalog.pg_class.relname 
FROM pg_catalog.pg_class JOIN pg_catalog.pg_namespace ON pg_catalog.pg_namespace.oid = pg_catalog.pg_class.relnamespace 
WHERE pg_catalog.pg_class.relname = $1::VARCHAR AND pg_catalog.pg_class.relkind = ANY (ARRAY[$2::VARCHAR, $3::VARCHAR, $4::VARCHAR, $5::VARCHAR, $6::VARCHAR]) AND pg_catalog.pg_table_is_visible(pg_catalog.pg_class.oid) AND pg_catalog.pg_namespace.nspname != $7::VARCHAR
2026-01-07 07:07:11,660 - sqlalchemy.engine.Engine - INFO - [cached since 0.0514s ago] ('achievements', 'r', 'p', 'f', 'v', 'm', 'pg_catalog')
2026-01-07 07:07:11,663 - sqlalchemy.engine.Engine - INFO - COMMIT
2026-01-07 07:07:11,668 - main - INFO - Database tables created/verified
2026-01-07 07:07:11,669 - main - INFO - Application started successfully
2026-01-07 07:08:07,576 - main - INFO - Shutting down application...
2026-01-07 07:08:11,954 - main - INFO - Starting Debate AI System...
2026-01-07 07:08:12,053 - sqlalchemy.engine.Engine - INFO - select pg_catalog.version()
2026-01-07 07:08:12,053 - sqlalchemy.engine.Engine - INFO - [raw sql] ()
2026-01-07 07:08:12,056 - sqlalchemy.engine.Engine - INFO - select current_schema()
2026-01-07 07:08:12,056 - sqlalchemy.engine.Engine - INFO - [raw sql] ()
2026-01-07 07:08:12,058 - sqlalchemy.engine.Engine - INFO - show standard_conforming_strings
2026-01-07 07:08:12,059 - sqlalchemy.engine.Engine - INFO - [raw sql] ()
2026-01-07 07:08:12,062 - sqlalchemy.engine.Engine - INFO - BEGIN (implicit)
2026-01-07 07:08:12,067 - sqlalchemy.engine.Engine - INFO - SELECT pg_catalog.pg_class.relname 
FROM pg_catalog.pg_class JOIN pg_catalog.pg_namespace ON pg_catalog.pg_namespace.oid = pg_catalog.pg_class.relnamespace 
WHERE pg_catalog.pg_class.relname = $1::VARCHAR AND pg_catalog.pg_class.relkind = ANY (ARRAY[$2::VARCHAR, $3::VARCHAR, $4::VARCHAR, $5::VARCHAR, $6::VARCHAR]) AND pg_catalog.pg_table_is_visible(pg_catalog.pg_class.oid) AND pg_catalog.pg_namespace.nspname != $7::VARCHAR
2026-01-07 07:08:12,068 - sqlalchemy.engine.Engine - INFO - [generated in 0.00191s] ('users', 'r', 'p', 'f', 'v', 'm', 'pg_catalog')
2026-01-07 07:08:12,076 - sqlalchemy.engine.Engine - INFO - SELECT pg_catalog.pg_class.relname 
FROM pg_catalog.pg_class JOIN pg_catalog.pg_namespace ON pg_catalog.pg_namespace.oid = pg_catalog.pg_class.relnamespace 
WHERE pg_catalog.pg_class.relname = $1::VARCHAR AND pg_catalog.pg_class.relkind = ANY (ARRAY[$2::VARCHAR, $3::VARCHAR, $4::VARCHAR, $5::VARCHAR, $6::VARCHAR]) AND pg_catalog.pg_table_is_visible(pg_catalog.pg_class.oid) AND pg_catalog.pg_namespace.nspname != $7::VARCHAR
2026-01-07 07:08:12,078 - sqlalchemy.engine.Engine - INFO - [cached since 0.01135s ago] ('debate_sessions', 'r', 'p', 'f', 'v', 'm', 'pg_catalog')
2026-01-07 07:08:12,079 - sqlalchemy.engine.Engine - INFO - SELECT pg_catalog.pg_class.relname 
FROM pg_catalog.pg_class JOIN pg_catalog.pg_namespace ON pg_catalog.pg_namespace.oid = pg_catalog.pg_class.relnamespace 
WHERE pg_catalog.pg_class.relname = $1::VARCHAR AND pg_catalog.pg_class.relkind = ANY (ARRAY[$2::VARCHAR, $3::VARCHAR, $4::VARCHAR, $5::VARCHAR, $6::VARCHAR]) AND pg_catalog.pg_table_is_visible(pg_catalog.pg_class.oid) AND pg_catalog.pg_namespace.nspname != $7::VARCHAR
2026-01-07 07:08:12,081 - sqlalchemy.engine.Engine - INFO - [cached since 0.01418s ago] ('turns', 'r', 'p', 'f', 'v', 'm', 'pg_catalog')
2026-01-07 07:08:12,082 - sqlalchemy.engine.Engine - INFO - SELECT pg_catalog.pg_class.relname 
FROM pg_catalog.pg_class JOIN pg_catalog.pg_namespace ON pg_catalog.pg_namespace.oid = pg_catalog.pg_class.relnamespace 
WHERE pg_catalog.pg_class.relname = $1::VARCHAR AND pg_catalog.pg_class.relkind = ANY (ARRAY[$2::VARCHAR, $3::VARCHAR, $4::VARCHAR, $5::VARCHAR, $6::VARCHAR]) AND pg_catalog.pg_table_is_visible(pg_catalog.pg_class.oid) AND pg_catalog.pg_namespace.nspname != $7::VARCHAR
2026-01-07 07:08:12,084 - sqlalchemy.engine.Engine - INFO - [cached since 0.01736s ago] ('fallacies', 'r', 'p', 'f', 'v', 'm', 'pg_catalog')
2026-01-07 07:08:12,085 - sqlalchemy.engine.Engine - INFO - SELECT pg_catalog.pg_class.relname 
FROM pg_catalog.pg_class JOIN pg_catalog.pg_namespace ON pg_catalog.pg_namespace.oid = pg_catalog.pg_class.relnamespace 
WHERE pg_catalog.pg_class.relname = $1::VARCHAR AND pg_catalog.pg_class.relkind = ANY (ARRAY[$2::VARCHAR, $3::VARCHAR, $4::VARCHAR, $5::VARCHAR, $6::VARCHAR]) AND pg_catalog.pg_table_is_visible(pg_catalog.pg_class.oid) AND pg_catalog.pg_namespace.nspname != $7::VARCHAR
2026-01-07 07:08:12,087 - sqlalchemy.engine.Engine - INFO - [cached since 0.02038s ago] ('achievements', 'r', 'p', 'f', 'v', 'm', 'pg_catalog')
2026-01-07 07:08:12,089 - sqlalchemy.engine.Engine - INFO - COMMIT
2026-01-07 07:08:12,090 - main - INFO - Database tables created/verified
2026-01-07 07:08:12,090 - main - INFO - Application started successfully
2026-01-07 07:09:38,397 - main - INFO - Shutting down application...
2026-01-07 07:09:42,438 - main - INFO - Starting Debate AI System...
2026-01-07 07:09:42,534 - sqlalchemy.engine.Engine - INFO - select pg_catalog.version()
2026-01-07 07:09:42,534 - sqlalchemy.engine.Engine - INFO - [raw sql] ()
2026-01-07 07:09:42,537 - sqlalchemy.engine.Engine - INFO - select current_schema()
2026-01-07 07:09:42,538 - sqlalchemy.engine.Engine - INFO - [raw sql] ()
2026-01-07 07:09:42,539 - sqlalchemy.engine.Engine - INFO - show standard_conforming_strings
2026-01-07 07:09:42,540 - sqlalchemy.engine.Engine - INFO - [raw sql] ()
2026-01-07 07:09:42,542 - sqlalchemy.engine.Engine - INFO - BEGIN (implicit)
2026-01-07 07:09:42,548 - sqlalchemy.engine.Engine - INFO - SELECT pg_catalog.pg_class.relname 
FROM pg_catalog.pg_class JOIN pg_catalog.pg_namespace ON pg_catalog.pg_namespace.oid = pg_catalog.pg_class.relnamespace 
WHERE pg_catalog.pg_class.relname = $1::VARCHAR AND pg_catalog.pg_class.relkind = ANY (ARRAY[$2::VARCHAR, $3::VARCHAR, $4::VARCHAR, $5::VARCHAR, $6::VARCHAR]) AND pg_catalog.pg_table_is_visible(pg_catalog.pg_class.oid) AND pg_catalog.pg_namespace.nspname != $7::VARCHAR
2026-01-07 07:09:42,549 - sqlalchemy.engine.Engine - INFO - [generated in 0.00116s] ('users', 'r', 'p', 'f', 'v', 'm', 'pg_catalog')
2026-01-07 07:09:42,556 - sqlalchemy.engine.Engine - INFO - SELECT pg_catalog.pg_class.relname 
FROM pg_catalog.pg_class JOIN pg_catalog.pg_namespace ON pg_catalog.pg_namespace.oid = pg_catalog.pg_class.relnamespace 
WHERE pg_catalog.pg_class.relname = $1::VARCHAR AND pg_catalog.pg_class.relkind = ANY (ARRAY[$2::VARCHAR, $3::VARCHAR, $4::VARCHAR, $5::VARCHAR, $6::VARCHAR]) AND pg_catalog.pg_table_is_visible(pg_catalog.pg_class.oid) AND pg_catalog.pg_namespace.nspname != $7::VARCHAR
2026-01-07 07:09:42,557 - sqlalchemy.engine.Engine - INFO - [cached since 0.009104s ago] ('debate_sessions', 'r', 'p', 'f', 'v', 'm', 'pg_catalog')
2026-01-07 07:09:42,559 - sqlalchemy.engine.Engine - INFO - SELECT pg_catalog.pg_class.relname 
FROM pg_catalog.pg_class JOIN pg_catalog.pg_namespace ON pg_catalog.pg_namespace.oid = pg_catalog.pg_class.relnamespace 
WHERE pg_catalog.pg_class.relname = $1::VARCHAR AND pg_catalog.pg_class.relkind = ANY (ARRAY[$2::VARCHAR, $3::VARCHAR, $4::VARCHAR, $5::VARCHAR, $6::VARCHAR]) AND pg_catalog.pg_table_is_visible(pg_catalog.pg_class.oid) AND pg_catalog.pg_namespace.nspname != $7::VARCHAR
2026-01-07 07:09:42,560 - sqlalchemy.engine.Engine - INFO - [cached since 0.01207s ago] ('turns', 'r', 'p', 'f', 'v', 'm', 'pg_catalog')
2026-01-07 07:09:42,561 - sqlalchemy.engine.Engine - INFO - SELECT pg_catalog.pg_class.relname 
FROM pg_catalog.pg_class JOIN pg_catalog.pg_namespace ON pg_catalog.pg_namespace.oid = pg_catalog.pg_class.relnamespace 
WHERE pg_catalog.pg_class.relname = $1::VARCHAR AND pg_catalog.pg_class.relkind = ANY (ARRAY[$2::VARCHAR, $3::VARCHAR, $4::VARCHAR, $5::VARCHAR, $6::VARCHAR]) AND pg_catalog.pg_table_is_visible(pg_catalog.pg_class.oid) AND pg_catalog.pg_namespace.nspname != $7::VARCHAR
2026-01-07 07:09:42,563 - sqlalchemy.engine.Engine - INFO - [cached since 0.0151s ago] ('fallacies', 'r', 'p', 'f', 'v', 'm', 'pg_catalog')
2026-01-07 07:09:42,565 - sqlalchemy.engine.Engine - INFO - SELECT pg_catalog.pg_class.relname 
FROM pg_catalog.pg_class JOIN pg_catalog.pg_namespace ON pg_catalog.pg_namespace.oid = pg_catalog.pg_class.relnamespace 
WHERE pg_catalog.pg_class.relname = $1::VARCHAR AND pg_catalog.pg_class.relkind = ANY (ARRAY[$2::VARCHAR, $3::VARCHAR, $4::VARCHAR, $5::VARCHAR, $6::VARCHAR]) AND pg_catalog.pg_table_is_visible(pg_catalog.pg_class.oid) AND pg_catalog.pg_namespace.nspname != $7::VARCHAR
2026-01-07 07:09:42,566 - sqlalchemy.engine.Engine - INFO - [cached since 0.01837s ago] ('achievements', 'r', 'p', 'f', 'v', 'm', 'pg_catalog')
2026-01-07 07:09:42,568 - sqlalchemy.engine.Engine - INFO - COMMIT
2026-01-07 07:09:42,569 - main - INFO - Database tables created/verified
2026-01-07 07:09:42,569 - main - INFO - Application started successfully
2026-01-07 07:09:43,847 - main - INFO - Shutting down application...
2026-01-07 07:09:47,691 - main - INFO - Starting Debate AI System...
2026-01-07 07:09:47,899 - sqlalchemy.engine.Engine - INFO - select pg_catalog.version()
2026-01-07 07:09:47,900 - sqlalchemy.engine.Engine - INFO - [raw sql] ()
2026-01-07 07:09:47,903 - sqlalchemy.engine.Engine - INFO - select current_schema()
2026-01-07 07:09:47,904 - sqlalchemy.engine.Engine - INFO - [raw sql] ()
2026-01-07 07:09:47,907 - sqlalchemy.engine.Engine - INFO - show standard_conforming_strings
2026-01-07 07:09:47,907 - sqlalchemy.engine.Engine - INFO - [raw sql] ()
2026-01-07 07:09:47,909 - sqlalchemy.engine.Engine - INFO - BEGIN (implicit)
2026-01-07 07:09:47,917 - sqlalchemy.engine.Engine - INFO - SELECT pg_catalog.pg_class.relname 
FROM pg_catalog.pg_class JOIN pg_catalog.pg_namespace ON pg_catalog.pg_namespace.oid = pg_catalog.pg_class.relnamespace 
WHERE pg_catalog.pg_class.relname = $1::VARCHAR AND pg_catalog.pg_class.relkind = ANY (ARRAY[$2::VARCHAR, $3::VARCHAR, $4::VARCHAR, $5::VARCHAR, $6::VARCHAR]) AND pg_catalog.pg_table_is_visible(pg_catalog.pg_class.oid) AND pg_catalog.pg_namespace.nspname != $7::VARCHAR
2026-01-07 07:09:47,918 - sqlalchemy.engine.Engine - INFO - [generated in 0.00141s] ('users', 'r', 'p', 'f', 'v', 'm', 'pg_catalog')
2026-01-07 07:09:47,926 - sqlalchemy.engine.Engine - INFO - SELECT pg_catalog.pg_class.relname 
FROM pg_catalog.pg_class JOIN pg_catalog.pg_namespace ON pg_catalog.pg_namespace.oid = pg_catalog.pg_class.relnamespace 
WHERE pg_catalog.pg_class.relname = $1::VARCHAR AND pg_catalog.pg_class.relkind = ANY (ARRAY[$2::VARCHAR, $3::VARCHAR, $4::VARCHAR, $5::VARCHAR, $6::VARCHAR]) AND pg_catalog.pg_table_is_visible(pg_catalog.pg_class.oid) AND pg_catalog.pg_namespace.nspname != $7::VARCHAR
2026-01-07 07:09:47,928 - sqlalchemy.engine.Engine - INFO - [cached since 0.01092s ago] ('debate_sessions', 'r', 'p', 'f', 'v', 'm', 'pg_catalog')
2026-01-07 07:09:47,930 - sqlalchemy.engine.Engine - INFO - SELECT pg_catalog.pg_class.relname 
FROM pg_catalog.pg_class JOIN pg_catalog.pg_namespace ON pg_catalog.pg_namespace.oid = pg_catalog.pg_class.relnamespace 
WHERE pg_catalog.pg_class.relname = $1::VARCHAR AND pg_catalog.pg_class.relkind = ANY (ARRAY[$2::VARCHAR, $3::VARCHAR, $4::VARCHAR, $5::VARCHAR, $6::VARCHAR]) AND pg_catalog.pg_table_is_visible(pg_catalog.pg_class.oid) AND pg_catalog.pg_namespace.nspname != $7::VARCHAR
2026-01-07 07:09:47,933 - sqlalchemy.engine.Engine - INFO - [cached since 0.01634s ago] ('turns', 'r', 'p', 'f', 'v', 'm', 'pg_catalog')
2026-01-07 07:09:47,936 - sqlalchemy.engine.Engine - INFO - SELECT pg_catalog.pg_class.relname 
FROM pg_catalog.pg_class JOIN pg_catalog.pg_namespace ON pg_catalog.pg_namespace.oid = pg_catalog.pg_class.relnamespace 
WHERE pg_catalog.pg_class.relname = $1::VARCHAR AND pg_catalog.pg_class.relkind = ANY (ARRAY[$2::VARCHAR, $3::VARCHAR, $4::VARCHAR, $5::VARCHAR, $6::VARCHAR]) AND pg_catalog.pg_table_is_visible(pg_catalog.pg_class.oid) AND pg_catalog.pg_namespace.nspname != $7::VARCHAR
2026-01-07 07:09:47,937 - sqlalchemy.engine.Engine - INFO - [cached since 0.01978s ago] ('fallacies', 'r', 'p', 'f', 'v', 'm', 'pg_catalog')
2026-01-07 07:09:47,939 - sqlalchemy.engine.Engine - INFO - SELECT pg_catalog.pg_class.relname 
FROM pg_catalog.pg_class JOIN pg_catalog.pg_namespace ON pg_catalog.pg_namespace.oid = pg_catalog.pg_class.relnamespace 
WHERE pg_catalog.pg_class.relname = $1::VARCHAR AND pg_catalog.pg_class.relkind = ANY (ARRAY[$2::VARCHAR, $3::VARCHAR, $4::VARCHAR, $5::VARCHAR, $6::VARCHAR]) AND pg_catalog.pg_table_is_visible(pg_catalog.pg_class.oid) AND pg_catalog.pg_namespace.nspname != $7::VARCHAR
2026-01-07 07:09:47,940 - sqlalchemy.engine.Engine - INFO - [cached since 0.02307s ago] ('achievements', 'r', 'p', 'f', 'v', 'm', 'pg_catalog')
2026-01-07 07:09:47,942 - sqlalchemy.engine.Engine - INFO - COMMIT
2026-01-07 07:09:47,943 - main - INFO - Database tables created/verified
2026-01-07 07:09:47,943 - main - INFO - Application started successfully
2026-01-07 07:09:51,792 - main - INFO - Starting Debate AI System...
2026-01-07 07:09:51,896 - sqlalchemy.engine.Engine - INFO - select pg_catalog.version()
2026-01-07 07:09:51,896 - sqlalchemy.engine.Engine - INFO - [raw sql] ()
2026-01-07 07:09:51,900 - sqlalchemy.engine.Engine - INFO - select current_schema()
2026-01-07 07:09:51,900 - sqlalchemy.engine.Engine - INFO - [raw sql] ()
2026-01-07 07:09:51,903 - sqlalchemy.engine.Engine - INFO - show standard_conforming_strings
2026-01-07 07:09:51,903 - sqlalchemy.engine.Engine - INFO - [raw sql] ()
2026-01-07 07:09:51,905 - sqlalchemy.engine.Engine - INFO - BEGIN (implicit)
2026-01-07 07:09:51,911 - sqlalchemy.engine.Engine - INFO - SELECT pg_catalog.pg_class.relname 
FROM pg_catalog.pg_class JOIN pg_catalog.pg_namespace ON pg_catalog.pg_namespace.oid = pg_catalog.pg_class.relnamespace 
WHERE pg_catalog.pg_class.relname = $1::VARCHAR AND pg_catalog.pg_class.relkind = ANY (ARRAY[$2::VARCHAR, $3::VARCHAR, $4::VARCHAR, $5::VARCHAR, $6::VARCHAR]) AND pg_catalog.pg_table_is_visible(pg_catalog.pg_class.oid) AND pg_catalog.pg_namespace.nspname != $7::VARCHAR
2026-01-07 07:09:51,914 - sqlalchemy.engine.Engine - INFO - [generated in 0.00393s] ('users', 'r', 'p', 'f', 'v', 'm', 'pg_catalog')
2026-01-07 07:09:51,921 - sqlalchemy.engine.Engine - INFO - SELECT pg_catalog.pg_class.relname 
FROM pg_catalog.pg_class JOIN pg_catalog.pg_namespace ON pg_catalog.pg_namespace.oid = pg_catalog.pg_class.relnamespace 
WHERE pg_catalog.pg_class.relname = $1::VARCHAR AND pg_catalog.pg_class.relkind = ANY (ARRAY[$2::VARCHAR, $3::VARCHAR, $4::VARCHAR, $5::VARCHAR, $6::VARCHAR]) AND pg_catalog.pg_table_is_visible(pg_catalog.pg_class.oid) AND pg_catalog.pg_namespace.nspname != $7::VARCHAR
2026-01-07 07:09:51,923 - sqlalchemy.engine.Engine - INFO - [cached since 0.01248s ago] ('debate_sessions', 'r', 'p', 'f', 'v', 'm', 'pg_catalog')
2026-01-07 07:09:51,924 - sqlalchemy.engine.Engine - INFO - SELECT pg_catalog.pg_class.relname 
FROM pg_catalog.pg_class JOIN pg_catalog.pg_namespace ON pg_catalog.pg_namespace.oid = pg_catalog.pg_class.relnamespace 
WHERE pg_catalog.pg_class.relname = $1::VARCHAR AND pg_catalog.pg_class.relkind = ANY (ARRAY[$2::VARCHAR, $3::VARCHAR, $4::VARCHAR, $5::VARCHAR, $6::VARCHAR]) AND pg_catalog.pg_table_is_visible(pg_catalog.pg_class.oid) AND pg_catalog.pg_namespace.nspname != $7::VARCHAR
2026-01-07 07:09:51,925 - sqlalchemy.engine.Engine - INFO - [cached since 0.015s ago] ('turns', 'r', 'p', 'f', 'v', 'm', 'pg_catalog')
2026-01-07 07:09:51,927 - sqlalchemy.engine.Engine - INFO - SELECT pg_catalog.pg_class.relname 
FROM pg_catalog.pg_class JOIN pg_catalog.pg_namespace ON pg_catalog.pg_namespace.oid = pg_catalog.pg_class.relnamespace 
WHERE pg_catalog.pg_class.relname = $1::VARCHAR AND pg_catalog.pg_class.relkind = ANY (ARRAY[$2::VARCHAR, $3::VARCHAR, $4::VARCHAR, $5::VARCHAR, $6::VARCHAR]) AND pg_catalog.pg_table_is_visible(pg_catalog.pg_class.oid) AND pg_catalog.pg_namespace.nspname != $7::VARCHAR
2026-01-07 07:09:51,930 - sqlalchemy.engine.Engine - INFO - [cached since 0.01955s ago] ('fallacies', 'r', 'p', 'f', 'v', 'm', 'pg_catalog')
2026-01-07 07:09:51,936 - sqlalchemy.engine.Engine - INFO - SELECT pg_catalog.pg_class.relname 
FROM pg_catalog.pg_class JOIN pg_catalog.pg_namespace ON pg_catalog.pg_namespace.oid = pg_catalog.pg_class.relnamespace 
WHERE pg_catalog.pg_class.relname = $1::VARCHAR AND pg_catalog.pg_class.relkind = ANY (ARRAY[$2::VARCHAR, $3::VARCHAR, $4::VARCHAR, $5::VARCHAR, $6::VARCHAR]) AND pg_catalog.pg_table_is_visible(pg_catalog.pg_class.oid) AND pg_catalog.pg_namespace.nspname != $7::VARCHAR
2026-01-07 07:09:51,938 - sqlalchemy.engine.Engine - INFO - [cached since 0.02747s ago] ('achievements', 'r', 'p', 'f', 'v', 'm', 'pg_catalog')
2026-01-07 07:09:51,939 - sqlalchemy.engine.Engine - INFO - COMMIT
2026-01-07 07:09:51,940 - main - INFO - Database tables created/verified
2026-01-07 07:09:51,941 - main - INFO - Application started successfully
2026-01-07 07:09:55,771 - main - INFO - Starting Debate AI System...
2026-01-07 07:09:55,871 - sqlalchemy.engine.Engine - INFO - select pg_catalog.version()
2026-01-07 07:09:55,871 - sqlalchemy.engine.Engine - INFO - [raw sql] ()
2026-01-07 07:09:55,876 - sqlalchemy.engine.Engine - INFO - select current_schema()
2026-01-07 07:09:55,879 - sqlalchemy.engine.Engine - INFO - [raw sql] ()
2026-01-07 07:09:55,886 - sqlalchemy.engine.Engine - INFO - show standard_conforming_strings
2026-01-07 07:09:55,887 - sqlalchemy.engine.Engine - INFO - [raw sql] ()
2026-01-07 07:09:55,890 - sqlalchemy.engine.Engine - INFO - BEGIN (implicit)
2026-01-07 07:09:55,900 - sqlalchemy.engine.Engine - INFO - SELECT pg_catalog.pg_class.relname 
FROM pg_catalog.pg_class JOIN pg_catalog.pg_namespace ON pg_catalog.pg_namespace.oid = pg_catalog.pg_class.relnamespace 
WHERE pg_catalog.pg_class.relname = $1::VARCHAR AND pg_catalog.pg_class.relkind = ANY (ARRAY[$2::VARCHAR, $3::VARCHAR, $4::VARCHAR, $5::VARCHAR, $6::VARCHAR]) AND pg_catalog.pg_table_is_visible(pg_catalog.pg_class.oid) AND pg_catalog.pg_namespace.nspname != $7::VARCHAR
2026-01-07 07:09:55,902 - sqlalchemy.engine.Engine - INFO - [generated in 0.00181s] ('users', 'r', 'p', 'f', 'v', 'm', 'pg_catalog')
2026-01-07 07:09:55,912 - sqlalchemy.engine.Engine - INFO - SELECT pg_catalog.pg_class.relname 
FROM pg_catalog.pg_class JOIN pg_catalog.pg_namespace ON pg_catalog.pg_namespace.oid = pg_catalog.pg_class.relnamespace 
WHERE pg_catalog.pg_class.relname = $1::VARCHAR AND pg_catalog.pg_class.relkind = ANY (ARRAY[$2::VARCHAR, $3::VARCHAR, $4::VARCHAR, $5::VARCHAR, $6::VARCHAR]) AND pg_catalog.pg_table_is_visible(pg_catalog.pg_class.oid) AND pg_catalog.pg_namespace.nspname != $7::VARCHAR
2026-01-07 07:09:55,914 - sqlalchemy.engine.Engine - INFO - [cached since 0.01429s ago] ('debate_sessions', 'r', 'p', 'f', 'v', 'm', 'pg_catalog')
2026-01-07 07:09:55,916 - sqlalchemy.engine.Engine - INFO - SELECT pg_catalog.pg_class.relname 
FROM pg_catalog.pg_class JOIN pg_catalog.pg_namespace ON pg_catalog.pg_namespace.oid = pg_catalog.pg_class.relnamespace 
WHERE pg_catalog.pg_class.relname = $1::VARCHAR AND pg_catalog.pg_class.relkind = ANY (ARRAY[$2::VARCHAR, $3::VARCHAR, $4::VARCHAR, $5::VARCHAR, $6::VARCHAR]) AND pg_catalog.pg_table_is_visible(pg_catalog.pg_class.oid) AND pg_catalog.pg_namespace.nspname != $7::VARCHAR
2026-01-07 07:09:55,920 - sqlalchemy.engine.Engine - INFO - [cached since 0.01992s ago] ('turns', 'r', 'p', 'f', 'v', 'm', 'pg_catalog')
2026-01-07 07:09:55,922 - sqlalchemy.engine.Engine - INFO - SELECT pg_catalog.pg_class.relname 
FROM pg_catalog.pg_class JOIN pg_catalog.pg_namespace ON pg_catalog.pg_namespace.oid = pg_catalog.pg_class.relnamespace 
WHERE pg_catalog.pg_class.relname = $1::VARCHAR AND pg_catalog.pg_class.relkind = ANY (ARRAY[$2::VARCHAR, $3::VARCHAR, $4::VARCHAR, $5::VARCHAR, $6::VARCHAR]) AND pg_catalog.pg_table_is_visible(pg_catalog.pg_class.oid) AND pg_catalog.pg_namespace.nspname != $7::VARCHAR
2026-01-07 07:09:55,924 - sqlalchemy.engine.Engine - INFO - [cached since 0.02394s ago] ('fallacies', 'r', 'p', 'f', 'v', 'm', 'pg_catalog')
2026-01-07 07:09:55,927 - sqlalchemy.engine.Engine - INFO - SELECT pg_catalog.pg_class.relname 
FROM pg_catalog.pg_class JOIN pg_catalog.pg_namespace ON pg_catalog.pg_namespace.oid = pg_catalog.pg_class.relnamespace 
WHERE pg_catalog.pg_class.relname = $1::VARCHAR AND pg_catalog.pg_class.relkind = ANY (ARRAY[$2::VARCHAR, $3::VARCHAR, $4::VARCHAR, $5::VARCHAR, $6::VARCHAR]) AND pg_catalog.pg_table_is_visible(pg_catalog.pg_class.oid) AND pg_catalog.pg_namespace.nspname != $7::VARCHAR
2026-01-07 07:09:55,931 - sqlalchemy.engine.Engine - INFO - [cached since 0.03125s ago] ('achievements', 'r', 'p', 'f', 'v', 'm', 'pg_catalog')
2026-01-07 07:09:55,934 - sqlalchemy.engine.Engine - INFO - COMMIT
2026-01-07 07:09:55,937 - main - INFO - Database tables created/verified
2026-01-07 07:09:55,938 - main - INFO - Application started successfully
2026-01-07 07:22:11,429 - main - INFO - Shutting down application...
2026-01-07 07:22:15,529 - main - INFO - Starting Debate AI System...
2026-01-07 07:22:15,646 - sqlalchemy.engine.Engine - INFO - select pg_catalog.version()
2026-01-07 07:22:15,646 - sqlalchemy.engine.Engine - INFO - [raw sql] ()
2026-01-07 07:22:15,649 - sqlalchemy.engine.Engine - INFO - select current_schema()
2026-01-07 07:22:15,650 - sqlalchemy.engine.Engine - INFO - [raw sql] ()
2026-01-07 07:22:15,652 - sqlalchemy.engine.Engine - INFO - show standard_conforming_strings
2026-01-07 07:22:15,653 - sqlalchemy.engine.Engine - INFO - [raw sql] ()
2026-01-07 07:22:15,654 - sqlalchemy.engine.Engine - INFO - BEGIN (implicit)
2026-01-07 07:22:15,661 - sqlalchemy.engine.Engine - INFO - SELECT pg_catalog.pg_class.relname 
FROM pg_catalog.pg_class JOIN pg_catalog.pg_namespace ON pg_catalog.pg_namespace.oid = pg_catalog.pg_class.relnamespace 
WHERE pg_catalog.pg_class.relname = $1::VARCHAR AND pg_catalog.pg_class.relkind = ANY (ARRAY[$2::VARCHAR, $3::VARCHAR, $4::VARCHAR, $5::VARCHAR, $6::VARCHAR]) AND pg_catalog.pg_table_is_visible(pg_catalog.pg_class.oid) AND pg_catalog.pg_namespace.nspname != $7::VARCHAR
2026-01-07 07:22:15,662 - sqlalchemy.engine.Engine - INFO - [generated in 0.00159s] ('users', 'r', 'p', 'f', 'v', 'm', 'pg_catalog')
2026-01-07 07:22:15,671 - sqlalchemy.engine.Engine - INFO - SELECT pg_catalog.pg_class.relname 
FROM pg_catalog.pg_class JOIN pg_catalog.pg_namespace ON pg_catalog.pg_namespace.oid = pg_catalog.pg_class.relnamespace 
WHERE pg_catalog.pg_class.relname = $1::VARCHAR AND pg_catalog.pg_class.relkind = ANY (ARRAY[$2::VARCHAR, $3::VARCHAR, $4::VARCHAR, $5::VARCHAR, $6::VARCHAR]) AND pg_catalog.pg_table_is_visible(pg_catalog.pg_class.oid) AND pg_catalog.pg_namespace.nspname != $7::VARCHAR
2026-01-07 07:22:15,673 - sqlalchemy.engine.Engine - INFO - [cached since 0.01181s ago] ('debate_sessions', 'r', 'p', 'f', 'v', 'm', 'pg_catalog')
2026-01-07 07:22:15,674 - sqlalchemy.engine.Engine - INFO - SELECT pg_catalog.pg_class.relname 
FROM pg_catalog.pg_class JOIN pg_catalog.pg_namespace ON pg_catalog.pg_namespace.oid = pg_catalog.pg_class.relnamespace 
WHERE pg_catalog.pg_class.relname = $1::VARCHAR AND pg_catalog.pg_class.relkind = ANY (ARRAY[$2::VARCHAR, $3::VARCHAR, $4::VARCHAR, $5::VARCHAR, $6::VARCHAR]) AND pg_catalog.pg_table_is_visible(pg_catalog.pg_class.oid) AND pg_catalog.pg_namespace.nspname != $7::VARCHAR
2026-01-07 07:22:15,677 - sqlalchemy.engine.Engine - INFO - [cached since 0.01605s ago] ('turns', 'r', 'p', 'f', 'v', 'm', 'pg_catalog')
2026-01-07 07:22:15,679 - sqlalchemy.engine.Engine - INFO - SELECT pg_catalog.pg_class.relname 
FROM pg_catalog.pg_class JOIN pg_catalog.pg_namespace ON pg_catalog.pg_namespace.oid = pg_catalog.pg_class.relnamespace 
WHERE pg_catalog.pg_class.relname = $1::VARCHAR AND pg_catalog.pg_class.relkind = ANY (ARRAY[$2::VARCHAR, $3::VARCHAR, $4::VARCHAR, $5::VARCHAR, $6::VARCHAR]) AND pg_catalog.pg_table_is_visible(pg_catalog.pg_class.oid) AND pg_catalog.pg_namespace.nspname != $7::VARCHAR
2026-01-07 07:22:15,680 - sqlalchemy.engine.Engine - INFO - [cached since 0.0193s ago] ('fallacies', 'r', 'p', 'f', 'v', 'm', 'pg_catalog')
2026-01-07 07:22:15,685 - sqlalchemy.engine.Engine - INFO - SELECT pg_catalog.pg_class.relname 
FROM pg_catalog.pg_class JOIN pg_catalog.pg_namespace ON pg_catalog.pg_namespace.oid = pg_catalog.pg_class.relnamespace 
WHERE pg_catalog.pg_class.relname = $1::VARCHAR AND pg_catalog.pg_class.relkind = ANY (ARRAY[$2::VARCHAR, $3::VARCHAR, $4::VARCHAR, $5::VARCHAR, $6::VARCHAR]) AND pg_catalog.pg_table_is_visible(pg_catalog.pg_class.oid) AND pg_catalog.pg_namespace.nspname != $7::VARCHAR
2026-01-07 07:22:15,686 - sqlalchemy.engine.Engine - INFO - [cached since 0.02576s ago] ('achievements', 'r', 'p', 'f', 'v', 'm', 'pg_catalog')
2026-01-07 07:22:15,689 - sqlalchemy.engine.Engine - INFO - COMMIT
2026-01-07 07:22:15,690 - main - INFO - Database tables created/verified
2026-01-07 07:22:15,690 - main - INFO - Application started successfully
2026-01-07 07:22:31,632 - sqlalchemy.engine.Engine - INFO - BEGIN (implicit)
2026-01-07 07:22:31,644 - sqlalchemy.engine.Engine - INFO - SELECT users.user_id, users.username, users.email, users.current_skill_level, users.total_debates, users.created_at, users.updated_at 
FROM users 
WHERE users.user_id = $1::UUID
2026-01-07 07:22:31,659 - sqlalchemy.engine.Engine - INFO - [generated in 0.01530s] ('8f3c2e7b-6b4a-4c9a-9e6f-2d5c1a8f7e42',)
2026-01-07 07:22:31,667 - sqlalchemy.engine.Engine - INFO - INSERT INTO debate_sessions (session_id, user_id, topic, difficulty, status, ended_at, total_turns, avg_argument_strength, fallacy_count, overall_performance) VALUES ($1::VARCHAR, $2::UUID, $3::VARCHAR, $4::VARCHAR, $5::VARCHAR, $6::TIMESTAMP WITH TIME ZONE, $7::INTEGER, $8::FLOAT, $9::INTEGER, $10::VARCHAR) RETURNING debate_sessions.started_at
2026-01-07 07:22:31,668 - sqlalchemy.engine.Engine - INFO - [generated in 0.00131s] ('debate_c08bcf962956', '8f3c2e7b-6b4a-4c9a-9e6f-2d5c1a8f7e42', 'ai', 'standard', 'active', None, None, None, None, None)
2026-01-07 07:22:31,675 - sqlalchemy.engine.Engine - INFO - COMMIT
2026-01-07 07:22:49,321 - sqlalchemy.engine.Engine - INFO - BEGIN (implicit)
2026-01-07 07:22:49,323 - sqlalchemy.engine.Engine - INFO - SELECT debate_sessions.session_id, debate_sessions.user_id, debate_sessions.topic, debate_sessions.difficulty, debate_sessions.status, debate_sessions.started_at, debate_sessions.ended_at, debate_sessions.total_turns, debate_sessions.avg_argument_strength, debate_sessions.fallacy_count, debate_sessions.overall_performance, debate_sessions.final_state 
FROM debate_sessions 
WHERE debate_sessions.session_id = $1::VARCHAR
2026-01-07 07:22:49,351 - sqlalchemy.engine.Engine - INFO - [generated in 0.02829s] ('debate_c08bcf962956',)
2026-01-07 07:22:49,366 - sqlalchemy.engine.Engine - INFO - SELECT turns.turn_id, turns.session_id, turns.turn_number, turns.user_input, turns.ai_response, turns.analyzer_output, turns.research_output, turns.socratic_output, turns.advocate_output, turns.user_skill_at_turn, turns.argument_strength, turns.timestamp 
FROM turns 
WHERE turns.session_id = $1::VARCHAR
2026-01-07 07:22:49,415 - sqlalchemy.engine.Engine - INFO - [generated in 0.04926s] ('debate_c08bcf962956',)
2026-01-07 07:22:55,861 - langchain_google_genai.chat_models - WARNING - Retrying langchain_google_genai.chat_models._chat_with_retry.<locals>._chat_with_retry in 2.0 seconds as it raised ResourceExhausted: 429 You exceeded your current quota, please check your plan and billing details. For more information on this error, head to: https://ai.google.dev/gemini-api/docs/rate-limits. To monitor your current usage, head to: https://ai.dev/usage?tab=rate-limit. 
* Quota exceeded for metric: generativelanguage.googleapis.com/generate_content_free_tier_requests, limit: 20, model: gemini-2.5-flash-lite
Please retry in 5.743320485s. [links {
  description: "Learn more about Gemini API quotas"
  url: "https://ai.google.dev/gemini-api/docs/rate-limits"
}
, violations {
}
, retry_delay {
  seconds: 5
}
].
2026-01-07 07:22:58,214 - langchain_google_genai.chat_models - WARNING - Retrying langchain_google_genai.chat_models._chat_with_retry.<locals>._chat_with_retry in 4.0 seconds as it raised ResourceExhausted: 429 You exceeded your current quota, please check your plan and billing details. For more information on this error, head to: https://ai.google.dev/gemini-api/docs/rate-limits. To monitor your current usage, head to: https://ai.dev/usage?tab=rate-limit. 
* Quota exceeded for metric: generativelanguage.googleapis.com/generate_content_free_tier_requests, limit: 20, model: gemini-2.5-flash-lite
Please retry in 3.353377113s. [links {
  description: "Learn more about Gemini API quotas"
  url: "https://ai.google.dev/gemini-api/docs/rate-limits"
}
, violations {
}
, retry_delay {
  seconds: 3
}
].
2026-01-07 07:23:02,546 - langchain_google_genai.chat_models - WARNING - Retrying langchain_google_genai.chat_models._chat_with_retry.<locals>._chat_with_retry in 8.0 seconds as it raised ResourceExhausted: 429 You exceeded your current quota, please check your plan and billing details. For more information on this error, head to: https://ai.google.dev/gemini-api/docs/rate-limits. To monitor your current usage, head to: https://ai.dev/usage?tab=rate-limit. 
* Quota exceeded for metric: generativelanguage.googleapis.com/generate_content_free_tier_requests, limit: 20, model: gemini-2.5-flash-lite
Please retry in 58.968650422s. [links {
  description: "Learn more about Gemini API quotas"
  url: "https://ai.google.dev/gemini-api/docs/rate-limits"
}
, violations {
}
, retry_delay {
  seconds: 58
}
].
2026-01-07 07:23:10,866 - langchain_google_genai.chat_models - WARNING - Retrying langchain_google_genai.chat_models._chat_with_retry.<locals>._chat_with_retry in 16.0 seconds as it raised ResourceExhausted: 429 You exceeded your current quota, please check your plan and billing details. For more information on this error, head to: https://ai.google.dev/gemini-api/docs/rate-limits. To monitor your current usage, head to: https://ai.dev/usage?tab=rate-limit. 
* Quota exceeded for metric: generativelanguage.googleapis.com/generate_content_free_tier_requests, limit: 20, model: gemini-2.5-flash-lite
Please retry in 50.692321807s. [links {
  description: "Learn more about Gemini API quotas"
  url: "https://ai.google.dev/gemini-api/docs/rate-limits"
}
, violations {
}
, retry_delay {
  seconds: 50
}
].
2026-01-07 07:24:54,143 - main - INFO - Starting Debate AI System...
2026-01-07 07:24:54,258 - sqlalchemy.engine.Engine - INFO - select pg_catalog.version()
2026-01-07 07:24:54,259 - sqlalchemy.engine.Engine - INFO - [raw sql] ()
2026-01-07 07:24:54,261 - sqlalchemy.engine.Engine - INFO - select current_schema()
2026-01-07 07:24:54,262 - sqlalchemy.engine.Engine - INFO - [raw sql] ()
2026-01-07 07:24:54,263 - sqlalchemy.engine.Engine - INFO - show standard_conforming_strings
2026-01-07 07:24:54,264 - sqlalchemy.engine.Engine - INFO - [raw sql] ()
2026-01-07 07:24:54,266 - sqlalchemy.engine.Engine - INFO - BEGIN (implicit)
2026-01-07 07:24:54,273 - sqlalchemy.engine.Engine - INFO - SELECT pg_catalog.pg_class.relname 
FROM pg_catalog.pg_class JOIN pg_catalog.pg_namespace ON pg_catalog.pg_namespace.oid = pg_catalog.pg_class.relnamespace 
WHERE pg_catalog.pg_class.relname = $1::VARCHAR AND pg_catalog.pg_class.relkind = ANY (ARRAY[$2::VARCHAR, $3::VARCHAR, $4::VARCHAR, $5::VARCHAR, $6::VARCHAR]) AND pg_catalog.pg_table_is_visible(pg_catalog.pg_class.oid) AND pg_catalog.pg_namespace.nspname != $7::VARCHAR
2026-01-07 07:24:54,277 - sqlalchemy.engine.Engine - INFO - [generated in 0.00326s] ('users', 'r', 'p', 'f', 'v', 'm', 'pg_catalog')
2026-01-07 07:24:54,290 - sqlalchemy.engine.Engine - INFO - SELECT pg_catalog.pg_class.relname 
FROM pg_catalog.pg_class JOIN pg_catalog.pg_namespace ON pg_catalog.pg_namespace.oid = pg_catalog.pg_class.relnamespace 
WHERE pg_catalog.pg_class.relname = $1::VARCHAR AND pg_catalog.pg_class.relkind = ANY (ARRAY[$2::VARCHAR, $3::VARCHAR, $4::VARCHAR, $5::VARCHAR, $6::VARCHAR]) AND pg_catalog.pg_table_is_visible(pg_catalog.pg_class.oid) AND pg_catalog.pg_namespace.nspname != $7::VARCHAR
2026-01-07 07:24:54,294 - sqlalchemy.engine.Engine - INFO - [cached since 0.0204s ago] ('debate_sessions', 'r', 'p', 'f', 'v', 'm', 'pg_catalog')
2026-01-07 07:24:54,295 - sqlalchemy.engine.Engine - INFO - SELECT pg_catalog.pg_class.relname 
FROM pg_catalog.pg_class JOIN pg_catalog.pg_namespace ON pg_catalog.pg_namespace.oid = pg_catalog.pg_class.relnamespace 
WHERE pg_catalog.pg_class.relname = $1::VARCHAR AND pg_catalog.pg_class.relkind = ANY (ARRAY[$2::VARCHAR, $3::VARCHAR, $4::VARCHAR, $5::VARCHAR, $6::VARCHAR]) AND pg_catalog.pg_table_is_visible(pg_catalog.pg_class.oid) AND pg_catalog.pg_namespace.nspname != $7::VARCHAR
2026-01-07 07:24:54,297 - sqlalchemy.engine.Engine - INFO - [cached since 0.0235s ago] ('turns', 'r', 'p', 'f', 'v', 'm', 'pg_catalog')
2026-01-07 07:24:54,299 - sqlalchemy.engine.Engine - INFO - SELECT pg_catalog.pg_class.relname 
FROM pg_catalog.pg_class JOIN pg_catalog.pg_namespace ON pg_catalog.pg_namespace.oid = pg_catalog.pg_class.relnamespace 
WHERE pg_catalog.pg_class.relname = $1::VARCHAR AND pg_catalog.pg_class.relkind = ANY (ARRAY[$2::VARCHAR, $3::VARCHAR, $4::VARCHAR, $5::VARCHAR, $6::VARCHAR]) AND pg_catalog.pg_table_is_visible(pg_catalog.pg_class.oid) AND pg_catalog.pg_namespace.nspname != $7::VARCHAR
2026-01-07 07:24:54,301 - sqlalchemy.engine.Engine - INFO - [cached since 0.02744s ago] ('fallacies', 'r', 'p', 'f', 'v', 'm', 'pg_catalog')
2026-01-07 07:24:54,303 - sqlalchemy.engine.Engine - INFO - SELECT pg_catalog.pg_class.relname 
FROM pg_catalog.pg_class JOIN pg_catalog.pg_namespace ON pg_catalog.pg_namespace.oid = pg_catalog.pg_class.relnamespace 
WHERE pg_catalog.pg_class.relname = $1::VARCHAR AND pg_catalog.pg_class.relkind = ANY (ARRAY[$2::VARCHAR, $3::VARCHAR, $4::VARCHAR, $5::VARCHAR, $6::VARCHAR]) AND pg_catalog.pg_table_is_visible(pg_catalog.pg_class.oid) AND pg_catalog.pg_namespace.nspname != $7::VARCHAR
2026-01-07 07:24:54,304 - sqlalchemy.engine.Engine - INFO - [cached since 0.03047s ago] ('achievements', 'r', 'p', 'f', 'v', 'm', 'pg_catalog')
2026-01-07 07:24:54,311 - sqlalchemy.engine.Engine - INFO - COMMIT
2026-01-07 07:24:54,312 - main - INFO - Database tables created/verified
2026-01-07 07:24:54,312 - main - INFO - Application started successfully
2026-01-07 07:26:00,346 - sqlalchemy.engine.Engine - INFO - BEGIN (implicit)
2026-01-07 07:26:00,361 - sqlalchemy.engine.Engine - INFO - SELECT users.user_id, users.username, users.email, users.current_skill_level, users.total_debates, users.created_at, users.updated_at 
FROM users 
WHERE users.user_id = $1::UUID
2026-01-07 07:26:00,386 - sqlalchemy.engine.Engine - INFO - [generated in 0.02571s] ('8f3c2e7b-6b4a-4c9a-9e6f-2d5c1a8f7e42',)
2026-01-07 07:26:00,408 - sqlalchemy.engine.Engine - INFO - INSERT INTO debate_sessions (session_id, user_id, topic, difficulty, status, ended_at, total_turns, avg_argument_strength, fallacy_count, overall_performance) VALUES ($1::VARCHAR, $2::UUID, $3::VARCHAR, $4::VARCHAR, $5::VARCHAR, $6::TIMESTAMP WITH TIME ZONE, $7::INTEGER, $8::FLOAT, $9::INTEGER, $10::VARCHAR) RETURNING debate_sessions.started_at
2026-01-07 07:26:00,411 - sqlalchemy.engine.Engine - INFO - [generated in 0.00307s] ('debate_7bab049f3f9e', '8f3c2e7b-6b4a-4c9a-9e6f-2d5c1a8f7e42', 'ai', 'standard', 'active', None, None, None, None, None)
2026-01-07 07:26:00,415 - sqlalchemy.engine.Engine - INFO - COMMIT
2026-01-07 07:26:53,878 - sqlalchemy.engine.Engine - INFO - BEGIN (implicit)
2026-01-07 07:26:53,881 - sqlalchemy.engine.Engine - INFO - SELECT debate_sessions.session_id, debate_sessions.user_id, debate_sessions.topic, debate_sessions.difficulty, debate_sessions.status, debate_sessions.started_at, debate_sessions.ended_at, debate_sessions.total_turns, debate_sessions.avg_argument_strength, debate_sessions.fallacy_count, debate_sessions.overall_performance, debate_sessions.final_state 
FROM debate_sessions 
WHERE debate_sessions.session_id = $1::VARCHAR
2026-01-07 07:26:53,890 - sqlalchemy.engine.Engine - INFO - [generated in 0.00846s] ('debate_7bab049f3f9e',)
2026-01-07 07:26:53,908 - sqlalchemy.engine.Engine - INFO - SELECT turns.turn_id, turns.session_id, turns.turn_number, turns.user_input, turns.ai_response, turns.analyzer_output, turns.research_output, turns.socratic_output, turns.advocate_output, turns.user_skill_at_turn, turns.argument_strength, turns.timestamp 
FROM turns 
WHERE turns.session_id = $1::VARCHAR
2026-01-07 07:26:53,913 - sqlalchemy.engine.Engine - INFO - [generated in 0.00463s] ('debate_7bab049f3f9e',)
2026-01-07 07:27:03,388 - sqlalchemy.engine.Engine - INFO - INSERT INTO turns (turn_id, session_id, turn_number, user_input, ai_response, analyzer_output, research_output, socratic_output, advocate_output, user_skill_at_turn, argument_strength) VALUES ($1::UUID, $2::VARCHAR, $3::INTEGER, $4::VARCHAR, $5::VARCHAR, $6::JSONB, $7::JSONB, $8::JSONB, $9::JSONB, $10::FLOAT, $11::FLOAT) RETURNING turns.timestamp
2026-01-07 07:27:03,389 - sqlalchemy.engine.Engine - INFO - [generated in 0.00158s] (UUID('22e09b01-fb47-4d90-bede-a8bfd31e15e5'), 'debate_7bab049f3f9e', 1, 'i think ai will takes the human jobs', 'I need to think about your argument more carefully. Could you provide more details about your reasoning?', '{"claims": [{"text": "AI will take human jobs", "type": "main_claim", "is_new": false}], "evidence_provided": {"has_evidence": false, "evidence_type" ... (586 characters truncated) ... ntiated."}, "patterns": {"repeated_claim": true, "avoiding_counter_evidence": false, "emotional_language": false, "improving_from_last_turn": false}}', 'null', '{"questions": [{"question_text": "When you say AI will take human jobs, which specific types of jobs come to mind first, and why do you think those p ... (1232 characters truncated) ... f_user_concedes": "explore_implications"}, "teaching_moment": {"fallacy_to_address": null, "gentle_explanation": null, "include_in_response": false}}', 'null', 0.37200000000000005, 1.0)
2026-01-07 07:27:03,395 - sqlalchemy.engine.Engine - INFO - COMMIT
2026-01-07 07:31:20,875 - main - INFO - Shutting down application...
2026-01-07 07:31:24,685 - main - INFO - Starting Debate AI System...
2026-01-07 07:31:24,873 - sqlalchemy.engine.Engine - INFO - select pg_catalog.version()
2026-01-07 07:31:24,874 - sqlalchemy.engine.Engine - INFO - [raw sql] ()
2026-01-07 07:31:24,878 - sqlalchemy.engine.Engine - INFO - select current_schema()
2026-01-07 07:31:24,879 - sqlalchemy.engine.Engine - INFO - [raw sql] ()
2026-01-07 07:31:24,882 - sqlalchemy.engine.Engine - INFO - show standard_conforming_strings
2026-01-07 07:31:24,883 - sqlalchemy.engine.Engine - INFO - [raw sql] ()
2026-01-07 07:31:24,886 - sqlalchemy.engine.Engine - INFO - BEGIN (implicit)
2026-01-07 07:31:24,928 - sqlalchemy.engine.Engine - INFO - SELECT pg_catalog.pg_class.relname 
FROM pg_catalog.pg_class JOIN pg_catalog.pg_namespace ON pg_catalog.pg_namespace.oid = pg_catalog.pg_class.relnamespace 
WHERE pg_catalog.pg_class.relname = $1::VARCHAR AND pg_catalog.pg_class.relkind = ANY (ARRAY[$2::VARCHAR, $3::VARCHAR, $4::VARCHAR, $5::VARCHAR, $6::VARCHAR]) AND pg_catalog.pg_table_is_visible(pg_catalog.pg_class.oid) AND pg_catalog.pg_namespace.nspname != $7::VARCHAR
2026-01-07 07:31:25,052 - sqlalchemy.engine.Engine - INFO - [generated in 0.12200s] ('users', 'r', 'p', 'f', 'v', 'm', 'pg_catalog')
2026-01-07 07:31:25,069 - sqlalchemy.engine.Engine - INFO - SELECT pg_catalog.pg_class.relname 
FROM pg_catalog.pg_class JOIN pg_catalog.pg_namespace ON pg_catalog.pg_namespace.oid = pg_catalog.pg_class.relnamespace 
WHERE pg_catalog.pg_class.relname = $1::VARCHAR AND pg_catalog.pg_class.relkind = ANY (ARRAY[$2::VARCHAR, $3::VARCHAR, $4::VARCHAR, $5::VARCHAR, $6::VARCHAR]) AND pg_catalog.pg_table_is_visible(pg_catalog.pg_class.oid) AND pg_catalog.pg_namespace.nspname != $7::VARCHAR
2026-01-07 07:31:25,136 - sqlalchemy.engine.Engine - INFO - [cached since 0.2088s ago] ('debate_sessions', 'r', 'p', 'f', 'v', 'm', 'pg_catalog')
2026-01-07 07:31:25,147 - sqlalchemy.engine.Engine - INFO - SELECT pg_catalog.pg_class.relname 
FROM pg_catalog.pg_class JOIN pg_catalog.pg_namespace ON pg_catalog.pg_namespace.oid = pg_catalog.pg_class.relnamespace 
WHERE pg_catalog.pg_class.relname = $1::VARCHAR AND pg_catalog.pg_class.relkind = ANY (ARRAY[$2::VARCHAR, $3::VARCHAR, $4::VARCHAR, $5::VARCHAR, $6::VARCHAR]) AND pg_catalog.pg_table_is_visible(pg_catalog.pg_class.oid) AND pg_catalog.pg_namespace.nspname != $7::VARCHAR
2026-01-07 07:31:25,156 - sqlalchemy.engine.Engine - INFO - [cached since 0.2282s ago] ('turns', 'r', 'p', 'f', 'v', 'm', 'pg_catalog')
2026-01-07 07:31:25,248 - sqlalchemy.engine.Engine - INFO - SELECT pg_catalog.pg_class.relname 
FROM pg_catalog.pg_class JOIN pg_catalog.pg_namespace ON pg_catalog.pg_namespace.oid = pg_catalog.pg_class.relnamespace 
WHERE pg_catalog.pg_class.relname = $1::VARCHAR AND pg_catalog.pg_class.relkind = ANY (ARRAY[$2::VARCHAR, $3::VARCHAR, $4::VARCHAR, $5::VARCHAR, $6::VARCHAR]) AND pg_catalog.pg_table_is_visible(pg_catalog.pg_class.oid) AND pg_catalog.pg_namespace.nspname != $7::VARCHAR
2026-01-07 07:31:25,316 - sqlalchemy.engine.Engine - INFO - [cached since 0.389s ago] ('fallacies', 'r', 'p', 'f', 'v', 'm', 'pg_catalog')
2026-01-07 07:31:25,369 - sqlalchemy.engine.Engine - INFO - SELECT pg_catalog.pg_class.relname 
FROM pg_catalog.pg_class JOIN pg_catalog.pg_namespace ON pg_catalog.pg_namespace.oid = pg_catalog.pg_class.relnamespace 
WHERE pg_catalog.pg_class.relname = $1::VARCHAR AND pg_catalog.pg_class.relkind = ANY (ARRAY[$2::VARCHAR, $3::VARCHAR, $4::VARCHAR, $5::VARCHAR, $6::VARCHAR]) AND pg_catalog.pg_table_is_visible(pg_catalog.pg_class.oid) AND pg_catalog.pg_namespace.nspname != $7::VARCHAR
2026-01-07 07:31:25,376 - sqlalchemy.engine.Engine - INFO - [cached since 0.4485s ago] ('achievements', 'r', 'p', 'f', 'v', 'm', 'pg_catalog')
2026-01-07 07:31:25,378 - sqlalchemy.engine.Engine - INFO - COMMIT
2026-01-07 07:31:25,380 - main - INFO - Database tables created/verified
2026-01-07 07:31:25,383 - main - INFO - Application started successfully
2026-01-07 07:34:43,442 - main - INFO - Shutting down application...
2026-01-07 07:34:47,339 - main - INFO - Starting Debate AI System...
2026-01-07 07:34:47,546 - sqlalchemy.engine.Engine - INFO - select pg_catalog.version()
2026-01-07 07:34:47,546 - sqlalchemy.engine.Engine - INFO - [raw sql] ()
2026-01-07 07:34:47,550 - sqlalchemy.engine.Engine - INFO - select current_schema()
2026-01-07 07:34:47,550 - sqlalchemy.engine.Engine - INFO - [raw sql] ()
2026-01-07 07:34:47,552 - sqlalchemy.engine.Engine - INFO - show standard_conforming_strings
2026-01-07 07:34:47,553 - sqlalchemy.engine.Engine - INFO - [raw sql] ()
2026-01-07 07:34:47,559 - sqlalchemy.engine.Engine - INFO - BEGIN (implicit)
2026-01-07 07:34:47,566 - sqlalchemy.engine.Engine - INFO - SELECT pg_catalog.pg_class.relname 
FROM pg_catalog.pg_class JOIN pg_catalog.pg_namespace ON pg_catalog.pg_namespace.oid = pg_catalog.pg_class.relnamespace 
WHERE pg_catalog.pg_class.relname = $1::VARCHAR AND pg_catalog.pg_class.relkind = ANY (ARRAY[$2::VARCHAR, $3::VARCHAR, $4::VARCHAR, $5::VARCHAR, $6::VARCHAR]) AND pg_catalog.pg_table_is_visible(pg_catalog.pg_class.oid) AND pg_catalog.pg_namespace.nspname != $7::VARCHAR
2026-01-07 07:34:47,568 - sqlalchemy.engine.Engine - INFO - [generated in 0.00140s] ('users', 'r', 'p', 'f', 'v', 'm', 'pg_catalog')
2026-01-07 07:34:47,583 - sqlalchemy.engine.Engine - INFO - SELECT pg_catalog.pg_class.relname 
FROM pg_catalog.pg_class JOIN pg_catalog.pg_namespace ON pg_catalog.pg_namespace.oid = pg_catalog.pg_class.relnamespace 
WHERE pg_catalog.pg_class.relname = $1::VARCHAR AND pg_catalog.pg_class.relkind = ANY (ARRAY[$2::VARCHAR, $3::VARCHAR, $4::VARCHAR, $5::VARCHAR, $6::VARCHAR]) AND pg_catalog.pg_table_is_visible(pg_catalog.pg_class.oid) AND pg_catalog.pg_namespace.nspname != $7::VARCHAR
2026-01-07 07:34:47,584 - sqlalchemy.engine.Engine - INFO - [cached since 0.01817s ago] ('debate_sessions', 'r', 'p', 'f', 'v', 'm', 'pg_catalog')
2026-01-07 07:34:47,586 - sqlalchemy.engine.Engine - INFO - SELECT pg_catalog.pg_class.relname 
FROM pg_catalog.pg_class JOIN pg_catalog.pg_namespace ON pg_catalog.pg_namespace.oid = pg_catalog.pg_class.relnamespace 
WHERE pg_catalog.pg_class.relname = $1::VARCHAR AND pg_catalog.pg_class.relkind = ANY (ARRAY[$2::VARCHAR, $3::VARCHAR, $4::VARCHAR, $5::VARCHAR, $6::VARCHAR]) AND pg_catalog.pg_table_is_visible(pg_catalog.pg_class.oid) AND pg_catalog.pg_namespace.nspname != $7::VARCHAR
2026-01-07 07:34:47,595 - sqlalchemy.engine.Engine - INFO - [cached since 0.02932s ago] ('turns', 'r', 'p', 'f', 'v', 'm', 'pg_catalog')
2026-01-07 07:34:47,597 - sqlalchemy.engine.Engine - INFO - SELECT pg_catalog.pg_class.relname 
FROM pg_catalog.pg_class JOIN pg_catalog.pg_namespace ON pg_catalog.pg_namespace.oid = pg_catalog.pg_class.relnamespace 
WHERE pg_catalog.pg_class.relname = $1::VARCHAR AND pg_catalog.pg_class.relkind = ANY (ARRAY[$2::VARCHAR, $3::VARCHAR, $4::VARCHAR, $5::VARCHAR, $6::VARCHAR]) AND pg_catalog.pg_table_is_visible(pg_catalog.pg_class.oid) AND pg_catalog.pg_namespace.nspname != $7::VARCHAR
2026-01-07 07:34:47,599 - sqlalchemy.engine.Engine - INFO - [cached since 0.03274s ago] ('fallacies', 'r', 'p', 'f', 'v', 'm', 'pg_catalog')
2026-01-07 07:34:47,601 - sqlalchemy.engine.Engine - INFO - SELECT pg_catalog.pg_class.relname 
FROM pg_catalog.pg_class JOIN pg_catalog.pg_namespace ON pg_catalog.pg_namespace.oid = pg_catalog.pg_class.relnamespace 
WHERE pg_catalog.pg_class.relname = $1::VARCHAR AND pg_catalog.pg_class.relkind = ANY (ARRAY[$2::VARCHAR, $3::VARCHAR, $4::VARCHAR, $5::VARCHAR, $6::VARCHAR]) AND pg_catalog.pg_table_is_visible(pg_catalog.pg_class.oid) AND pg_catalog.pg_namespace.nspname != $7::VARCHAR
2026-01-07 07:34:47,602 - sqlalchemy.engine.Engine - INFO - [cached since 0.03585s ago] ('achievements', 'r', 'p', 'f', 'v', 'm', 'pg_catalog')
2026-01-07 07:34:47,604 - sqlalchemy.engine.Engine - INFO - COMMIT
2026-01-07 07:34:47,608 - main - INFO - Database tables created/verified
2026-01-07 07:34:47,610 - main - INFO - Application started successfully
2026-01-07 07:34:56,563 - sqlalchemy.engine.Engine - INFO - BEGIN (implicit)
2026-01-07 07:34:56,574 - sqlalchemy.engine.Engine - INFO - SELECT debate_sessions.session_id, debate_sessions.user_id, debate_sessions.topic, debate_sessions.difficulty, debate_sessions.status, debate_sessions.started_at, debate_sessions.ended_at, debate_sessions.total_turns, debate_sessions.avg_argument_strength, debate_sessions.fallacy_count, debate_sessions.overall_performance, debate_sessions.final_state 
FROM debate_sessions 
WHERE debate_sessions.session_id = $1::VARCHAR
2026-01-07 07:34:56,581 - sqlalchemy.engine.Engine - INFO - [generated in 0.00756s] ('debate_7bab049f3f9e',)
2026-01-07 07:34:56,600 - sqlalchemy.engine.Engine - INFO - SELECT turns.turn_id, turns.session_id, turns.turn_number, turns.user_input, turns.ai_response, turns.analyzer_output, turns.research_output, turns.socratic_output, turns.advocate_output, turns.user_skill_at_turn, turns.argument_strength, turns.timestamp 
FROM turns 
WHERE turns.session_id = $1::VARCHAR
2026-01-07 07:34:56,608 - sqlalchemy.engine.Engine - INFO - [generated in 0.00822s] ('debate_7bab049f3f9e',)
2026-01-07 07:35:03,350 - sqlalchemy.engine.Engine - INFO - ROLLBACK
2026-01-07 07:37:45,396 - main - INFO - Starting Debate AI System...
2026-01-07 07:37:45,503 - sqlalchemy.engine.Engine - INFO - select pg_catalog.version()
2026-01-07 07:37:45,503 - sqlalchemy.engine.Engine - INFO - [raw sql] ()
2026-01-07 07:37:45,506 - sqlalchemy.engine.Engine - INFO - select current_schema()
2026-01-07 07:37:45,506 - sqlalchemy.engine.Engine - INFO - [raw sql] ()
2026-01-07 07:37:45,508 - sqlalchemy.engine.Engine - INFO - show standard_conforming_strings
2026-01-07 07:37:45,509 - sqlalchemy.engine.Engine - INFO - [raw sql] ()
2026-01-07 07:37:45,511 - sqlalchemy.engine.Engine - INFO - BEGIN (implicit)
2026-01-07 07:37:45,516 - sqlalchemy.engine.Engine - INFO - SELECT pg_catalog.pg_class.relname 
FROM pg_catalog.pg_class JOIN pg_catalog.pg_namespace ON pg_catalog.pg_namespace.oid = pg_catalog.pg_class.relnamespace 
WHERE pg_catalog.pg_class.relname = $1::VARCHAR AND pg_catalog.pg_class.relkind = ANY (ARRAY[$2::VARCHAR, $3::VARCHAR, $4::VARCHAR, $5::VARCHAR, $6::VARCHAR]) AND pg_catalog.pg_table_is_visible(pg_catalog.pg_class.oid) AND pg_catalog.pg_namespace.nspname != $7::VARCHAR
2026-01-07 07:37:45,518 - sqlalchemy.engine.Engine - INFO - [generated in 0.00160s] ('users', 'r', 'p', 'f', 'v', 'm', 'pg_catalog')
2026-01-07 07:37:45,524 - sqlalchemy.engine.Engine - INFO - SELECT pg_catalog.pg_class.relname 
FROM pg_catalog.pg_class JOIN pg_catalog.pg_namespace ON pg_catalog.pg_namespace.oid = pg_catalog.pg_class.relnamespace 
WHERE pg_catalog.pg_class.relname = $1::VARCHAR AND pg_catalog.pg_class.relkind = ANY (ARRAY[$2::VARCHAR, $3::VARCHAR, $4::VARCHAR, $5::VARCHAR, $6::VARCHAR]) AND pg_catalog.pg_table_is_visible(pg_catalog.pg_class.oid) AND pg_catalog.pg_namespace.nspname != $7::VARCHAR
2026-01-07 07:37:45,526 - sqlalchemy.engine.Engine - INFO - [cached since 0.009877s ago] ('debate_sessions', 'r', 'p', 'f', 'v', 'm', 'pg_catalog')
2026-01-07 07:37:45,528 - sqlalchemy.engine.Engine - INFO - SELECT pg_catalog.pg_class.relname 
FROM pg_catalog.pg_class JOIN pg_catalog.pg_namespace ON pg_catalog.pg_namespace.oid = pg_catalog.pg_class.relnamespace 
WHERE pg_catalog.pg_class.relname = $1::VARCHAR AND pg_catalog.pg_class.relkind = ANY (ARRAY[$2::VARCHAR, $3::VARCHAR, $4::VARCHAR, $5::VARCHAR, $6::VARCHAR]) AND pg_catalog.pg_table_is_visible(pg_catalog.pg_class.oid) AND pg_catalog.pg_namespace.nspname != $7::VARCHAR
2026-01-07 07:37:45,532 - sqlalchemy.engine.Engine - INFO - [cached since 0.01545s ago] ('turns', 'r', 'p', 'f', 'v', 'm', 'pg_catalog')
2026-01-07 07:37:45,533 - sqlalchemy.engine.Engine - INFO - SELECT pg_catalog.pg_class.relname 
FROM pg_catalog.pg_class JOIN pg_catalog.pg_namespace ON pg_catalog.pg_namespace.oid = pg_catalog.pg_class.relnamespace 
WHERE pg_catalog.pg_class.relname = $1::VARCHAR AND pg_catalog.pg_class.relkind = ANY (ARRAY[$2::VARCHAR, $3::VARCHAR, $4::VARCHAR, $5::VARCHAR, $6::VARCHAR]) AND pg_catalog.pg_table_is_visible(pg_catalog.pg_class.oid) AND pg_catalog.pg_namespace.nspname != $7::VARCHAR
2026-01-07 07:37:45,535 - sqlalchemy.engine.Engine - INFO - [cached since 0.01848s ago] ('fallacies', 'r', 'p', 'f', 'v', 'm', 'pg_catalog')
2026-01-07 07:37:45,536 - sqlalchemy.engine.Engine - INFO - SELECT pg_catalog.pg_class.relname 
FROM pg_catalog.pg_class JOIN pg_catalog.pg_namespace ON pg_catalog.pg_namespace.oid = pg_catalog.pg_class.relnamespace 
WHERE pg_catalog.pg_class.relname = $1::VARCHAR AND pg_catalog.pg_class.relkind = ANY (ARRAY[$2::VARCHAR, $3::VARCHAR, $4::VARCHAR, $5::VARCHAR, $6::VARCHAR]) AND pg_catalog.pg_table_is_visible(pg_catalog.pg_class.oid) AND pg_catalog.pg_namespace.nspname != $7::VARCHAR
2026-01-07 07:37:45,539 - sqlalchemy.engine.Engine - INFO - [cached since 0.02241s ago] ('achievements', 'r', 'p', 'f', 'v', 'm', 'pg_catalog')
2026-01-07 07:37:45,540 - sqlalchemy.engine.Engine - INFO - COMMIT
2026-01-07 07:37:45,541 - main - INFO - Database tables created/verified
2026-01-07 07:37:45,541 - main - INFO - Application started successfully
2026-01-07 07:38:43,576 - sqlalchemy.engine.Engine - INFO - BEGIN (implicit)
2026-01-07 07:38:43,613 - sqlalchemy.engine.Engine - INFO - SELECT users.user_id, users.username, users.email, users.current_skill_level, users.total_debates, users.created_at, users.updated_at 
FROM users 
WHERE users.user_id = $1::UUID
2026-01-07 07:38:43,615 - sqlalchemy.engine.Engine - INFO - [generated in 0.00215s] ('8f3c2e7b-6b4a-4c9a-9e6f-2d5c1a8f7e42',)
2026-01-07 07:38:43,624 - sqlalchemy.engine.Engine - INFO - INSERT INTO debate_sessions (session_id, user_id, topic, difficulty, status, ended_at, total_turns, avg_argument_strength, fallacy_count, overall_performance) VALUES ($1::VARCHAR, $2::UUID, $3::VARCHAR, $4::VARCHAR, $5::VARCHAR, $6::TIMESTAMP WITH TIME ZONE, $7::INTEGER, $8::FLOAT, $9::INTEGER, $10::VARCHAR) RETURNING debate_sessions.started_at
2026-01-07 07:38:43,628 - sqlalchemy.engine.Engine - INFO - [generated in 0.00428s] ('debate_c02b4a8c75e7', '8f3c2e7b-6b4a-4c9a-9e6f-2d5c1a8f7e42', 'ai', 'standard', 'active', None, None, None, None, None)
2026-01-07 07:38:43,633 - sqlalchemy.engine.Engine - INFO - COMMIT
2026-01-07 07:39:15,782 - sqlalchemy.engine.Engine - INFO - BEGIN (implicit)
2026-01-07 07:39:15,786 - sqlalchemy.engine.Engine - INFO - SELECT debate_sessions.session_id, debate_sessions.user_id, debate_sessions.topic, debate_sessions.difficulty, debate_sessions.status, debate_sessions.started_at, debate_sessions.ended_at, debate_sessions.total_turns, debate_sessions.avg_argument_strength, debate_sessions.fallacy_count, debate_sessions.overall_performance, debate_sessions.final_state 
FROM debate_sessions 
WHERE debate_sessions.session_id = $1::VARCHAR
2026-01-07 07:39:15,789 - sqlalchemy.engine.Engine - INFO - [generated in 0.00327s] ('debate_c02b4a8c75e7',)
2026-01-07 07:39:15,805 - sqlalchemy.engine.Engine - INFO - SELECT turns.turn_id, turns.session_id, turns.turn_number, turns.user_input, turns.ai_response, turns.analyzer_output, turns.research_output, turns.socratic_output, turns.advocate_output, turns.user_skill_at_turn, turns.argument_strength, turns.timestamp 
FROM turns 
WHERE turns.session_id = $1::VARCHAR
2026-01-07 07:39:15,813 - sqlalchemy.engine.Engine - INFO - [generated in 0.00762s] ('debate_c02b4a8c75e7',)
2026-01-07 07:39:25,133 - sqlalchemy.engine.Engine - INFO - ROLLBACK
2026-01-07 11:22:06,757 - main - INFO - Starting Debate AI System...
2026-01-07 11:22:07,088 - sqlalchemy.engine.Engine - INFO - select pg_catalog.version()
2026-01-07 11:22:07,089 - sqlalchemy.engine.Engine - INFO - [raw sql] ()
2026-01-07 11:22:07,924 - sqlalchemy.engine.Engine - INFO - select current_schema()
2026-01-07 11:22:07,949 - sqlalchemy.engine.Engine - INFO - [raw sql] ()
2026-01-07 11:22:08,083 - sqlalchemy.engine.Engine - INFO - show standard_conforming_strings
2026-01-07 11:22:08,129 - sqlalchemy.engine.Engine - INFO - [raw sql] ()
2026-01-07 11:22:08,155 - sqlalchemy.engine.Engine - INFO - BEGIN (implicit)
2026-01-07 11:22:08,330 - sqlalchemy.engine.Engine - INFO - SELECT pg_catalog.pg_class.relname 
FROM pg_catalog.pg_class JOIN pg_catalog.pg_namespace ON pg_catalog.pg_namespace.oid = pg_catalog.pg_class.relnamespace 
WHERE pg_catalog.pg_class.relname = $1::VARCHAR AND pg_catalog.pg_class.relkind = ANY (ARRAY[$2::VARCHAR, $3::VARCHAR, $4::VARCHAR, $5::VARCHAR, $6::VARCHAR]) AND pg_catalog.pg_table_is_visible(pg_catalog.pg_class.oid) AND pg_catalog.pg_namespace.nspname != $7::VARCHAR
2026-01-07 11:22:08,362 - sqlalchemy.engine.Engine - INFO - [generated in 0.03230s] ('users', 'r', 'p', 'f', 'v', 'm', 'pg_catalog')
2026-01-07 11:22:08,461 - sqlalchemy.engine.Engine - INFO - SELECT pg_catalog.pg_class.relname 
FROM pg_catalog.pg_class JOIN pg_catalog.pg_namespace ON pg_catalog.pg_namespace.oid = pg_catalog.pg_class.relnamespace 
WHERE pg_catalog.pg_class.relname = $1::VARCHAR AND pg_catalog.pg_class.relkind = ANY (ARRAY[$2::VARCHAR, $3::VARCHAR, $4::VARCHAR, $5::VARCHAR, $6::VARCHAR]) AND pg_catalog.pg_table_is_visible(pg_catalog.pg_class.oid) AND pg_catalog.pg_namespace.nspname != $7::VARCHAR
2026-01-07 11:22:08,473 - sqlalchemy.engine.Engine - INFO - [cached since 0.1435s ago] ('debate_sessions', 'r', 'p', 'f', 'v', 'm', 'pg_catalog')
2026-01-07 11:22:08,504 - sqlalchemy.engine.Engine - INFO - SELECT pg_catalog.pg_class.relname 
FROM pg_catalog.pg_class JOIN pg_catalog.pg_namespace ON pg_catalog.pg_namespace.oid = pg_catalog.pg_class.relnamespace 
WHERE pg_catalog.pg_class.relname = $1::VARCHAR AND pg_catalog.pg_class.relkind = ANY (ARRAY[$2::VARCHAR, $3::VARCHAR, $4::VARCHAR, $5::VARCHAR, $6::VARCHAR]) AND pg_catalog.pg_table_is_visible(pg_catalog.pg_class.oid) AND pg_catalog.pg_namespace.nspname != $7::VARCHAR
2026-01-07 11:22:08,510 - sqlalchemy.engine.Engine - INFO - [cached since 0.1802s ago] ('turns', 'r', 'p', 'f', 'v', 'm', 'pg_catalog')
2026-01-07 11:22:08,519 - sqlalchemy.engine.Engine - INFO - SELECT pg_catalog.pg_class.relname 
FROM pg_catalog.pg_class JOIN pg_catalog.pg_namespace ON pg_catalog.pg_namespace.oid = pg_catalog.pg_class.relnamespace 
WHERE pg_catalog.pg_class.relname = $1::VARCHAR AND pg_catalog.pg_class.relkind = ANY (ARRAY[$2::VARCHAR, $3::VARCHAR, $4::VARCHAR, $5::VARCHAR, $6::VARCHAR]) AND pg_catalog.pg_table_is_visible(pg_catalog.pg_class.oid) AND pg_catalog.pg_namespace.nspname != $7::VARCHAR
2026-01-07 11:22:08,538 - sqlalchemy.engine.Engine - INFO - [cached since 0.2086s ago] ('fallacies', 'r', 'p', 'f', 'v', 'm', 'pg_catalog')
2026-01-07 11:22:08,589 - sqlalchemy.engine.Engine - INFO - SELECT pg_catalog.pg_class.relname 
FROM pg_catalog.pg_class JOIN pg_catalog.pg_namespace ON pg_catalog.pg_namespace.oid = pg_catalog.pg_class.relnamespace 
WHERE pg_catalog.pg_class.relname = $1::VARCHAR AND pg_catalog.pg_class.relkind = ANY (ARRAY[$2::VARCHAR, $3::VARCHAR, $4::VARCHAR, $5::VARCHAR, $6::VARCHAR]) AND pg_catalog.pg_table_is_visible(pg_catalog.pg_class.oid) AND pg_catalog.pg_namespace.nspname != $7::VARCHAR
2026-01-07 11:22:08,597 - sqlalchemy.engine.Engine - INFO - [cached since 0.2672s ago] ('achievements', 'r', 'p', 'f', 'v', 'm', 'pg_catalog')
2026-01-07 11:22:08,603 - sqlalchemy.engine.Engine - INFO - COMMIT
2026-01-07 11:22:08,605 - main - INFO - Database tables created/verified
2026-01-07 11:22:08,605 - main - INFO - Application started successfully
2026-01-07 11:22:48,030 - sqlalchemy.engine.Engine - INFO - BEGIN (implicit)
2026-01-07 11:22:48,077 - sqlalchemy.engine.Engine - INFO - SELECT users.user_id, users.username, users.email, users.current_skill_level, users.total_debates, users.created_at, users.updated_at 
FROM users 
WHERE users.user_id = $1::UUID
2026-01-07 11:22:48,123 - sqlalchemy.engine.Engine - INFO - [generated in 0.04531s] ('8f3c2e7b-6b4a-4c9a-9e6f-2d5c1a8f7e42',)
2026-01-07 11:22:48,187 - sqlalchemy.engine.Engine - INFO - INSERT INTO debate_sessions (session_id, user_id, topic, difficulty, status, ended_at, total_turns, avg_argument_strength, fallacy_count, overall_performance) VALUES ($1::VARCHAR, $2::UUID, $3::VARCHAR, $4::VARCHAR, $5::VARCHAR, $6::TIMESTAMP WITH TIME ZONE, $7::INTEGER, $8::FLOAT, $9::INTEGER, $10::VARCHAR) RETURNING debate_sessions.started_at
2026-01-07 11:22:48,198 - sqlalchemy.engine.Engine - INFO - [generated in 0.01075s] ('debate_20e06b2293a7', '8f3c2e7b-6b4a-4c9a-9e6f-2d5c1a8f7e42', 'ai', 'standard', 'active', None, None, None, None, None)
2026-01-07 11:22:48,241 - sqlalchemy.engine.Engine - INFO - COMMIT
2026-01-07 11:23:19,176 - sqlalchemy.engine.Engine - INFO - BEGIN (implicit)
2026-01-07 11:23:19,181 - sqlalchemy.engine.Engine - INFO - SELECT debate_sessions.session_id, debate_sessions.user_id, debate_sessions.topic, debate_sessions.difficulty, debate_sessions.status, debate_sessions.started_at, debate_sessions.ended_at, debate_sessions.total_turns, debate_sessions.avg_argument_strength, debate_sessions.fallacy_count, debate_sessions.overall_performance, debate_sessions.final_state 
FROM debate_sessions 
WHERE debate_sessions.session_id = $1::VARCHAR
2026-01-07 11:23:19,196 - sqlalchemy.engine.Engine - INFO - [generated in 0.01510s] ('debate_20e06b2293a7',)
2026-01-07 11:23:19,248 - sqlalchemy.engine.Engine - INFO - SELECT turns.turn_id, turns.session_id, turns.turn_number, turns.user_input, turns.ai_response, turns.analyzer_output, turns.research_output, turns.socratic_output, turns.advocate_output, turns.user_skill_at_turn, turns.argument_strength, turns.timestamp 
FROM turns 
WHERE turns.session_id = $1::VARCHAR
2026-01-07 11:23:19,266 - sqlalchemy.engine.Engine - INFO - [generated in 0.01818s] ('debate_20e06b2293a7',)
2026-01-07 11:23:32,090 - langchain_google_genai.chat_models - WARNING - Retrying langchain_google_genai.chat_models._chat_with_retry.<locals>._chat_with_retry in 2.0 seconds as it raised ResourceExhausted: 429 You exceeded your current quota, please check your plan and billing details. For more information on this error, head to: https://ai.google.dev/gemini-api/docs/rate-limits. To monitor your current usage, head to: https://ai.dev/usage?tab=rate-limit. 
* Quota exceeded for metric: generativelanguage.googleapis.com/generate_content_free_tier_requests, limit: 0, model: gemini-2.0-flash-exp
* Quota exceeded for metric: generativelanguage.googleapis.com/generate_content_free_tier_requests, limit: 0, model: gemini-2.0-flash-exp
* Quota exceeded for metric: generativelanguage.googleapis.com/generate_content_free_tier_input_token_count, limit: 0, model: gemini-2.0-flash-exp
Please retry in 29.861132575s. [links {
  description: "Learn more about Gemini API quotas"
  url: "https://ai.google.dev/gemini-api/docs/rate-limits"
}
, violations {
}
violations {
}
violations {
}
, retry_delay {
  seconds: 29
}
].
2026-01-07 11:23:34,581 - langchain_google_genai.chat_models - WARNING - Retrying langchain_google_genai.chat_models._chat_with_retry.<locals>._chat_with_retry in 4.0 seconds as it raised ResourceExhausted: 429 You exceeded your current quota, please check your plan and billing details. For more information on this error, head to: https://ai.google.dev/gemini-api/docs/rate-limits. To monitor your current usage, head to: https://ai.dev/usage?tab=rate-limit. 
* Quota exceeded for metric: generativelanguage.googleapis.com/generate_content_free_tier_requests, limit: 0, model: gemini-2.0-flash-exp
* Quota exceeded for metric: generativelanguage.googleapis.com/generate_content_free_tier_requests, limit: 0, model: gemini-2.0-flash-exp
* Quota exceeded for metric: generativelanguage.googleapis.com/generate_content_free_tier_input_token_count, limit: 0, model: gemini-2.0-flash-exp
Please retry in 26.524484554s. [links {
  description: "Learn more about Gemini API quotas"
  url: "https://ai.google.dev/gemini-api/docs/rate-limits"
}
, violations {
}
violations {
}
violations {
}
, retry_delay {
  seconds: 26
}
].
2026-01-07 12:55:46,431 - main - INFO - Starting Debate AI System...
2026-01-07 12:55:46,574 - sqlalchemy.engine.Engine - INFO - select pg_catalog.version()
2026-01-07 12:55:46,575 - sqlalchemy.engine.Engine - INFO - [raw sql] ()
2026-01-07 12:55:46,579 - sqlalchemy.engine.Engine - INFO - select current_schema()
2026-01-07 12:55:46,580 - sqlalchemy.engine.Engine - INFO - [raw sql] ()
2026-01-07 12:55:46,584 - sqlalchemy.engine.Engine - INFO - show standard_conforming_strings
2026-01-07 12:55:46,584 - sqlalchemy.engine.Engine - INFO - [raw sql] ()
2026-01-07 12:55:46,587 - sqlalchemy.engine.Engine - INFO - BEGIN (implicit)
2026-01-07 12:55:46,597 - sqlalchemy.engine.Engine - INFO - SELECT pg_catalog.pg_class.relname 
FROM pg_catalog.pg_class JOIN pg_catalog.pg_namespace ON pg_catalog.pg_namespace.oid = pg_catalog.pg_class.relnamespace 
WHERE pg_catalog.pg_class.relname = $1::VARCHAR AND pg_catalog.pg_class.relkind = ANY (ARRAY[$2::VARCHAR, $3::VARCHAR, $4::VARCHAR, $5::VARCHAR, $6::VARCHAR]) AND pg_catalog.pg_table_is_visible(pg_catalog.pg_class.oid) AND pg_catalog.pg_namespace.nspname != $7::VARCHAR
2026-01-07 12:55:46,602 - sqlalchemy.engine.Engine - INFO - [generated in 0.00582s] ('users', 'r', 'p', 'f', 'v', 'm', 'pg_catalog')
2026-01-07 12:55:46,618 - sqlalchemy.engine.Engine - INFO - SELECT pg_catalog.pg_class.relname 
FROM pg_catalog.pg_class JOIN pg_catalog.pg_namespace ON pg_catalog.pg_namespace.oid = pg_catalog.pg_class.relnamespace 
WHERE pg_catalog.pg_class.relname = $1::VARCHAR AND pg_catalog.pg_class.relkind = ANY (ARRAY[$2::VARCHAR, $3::VARCHAR, $4::VARCHAR, $5::VARCHAR, $6::VARCHAR]) AND pg_catalog.pg_table_is_visible(pg_catalog.pg_class.oid) AND pg_catalog.pg_namespace.nspname != $7::VARCHAR
2026-01-07 12:55:46,620 - sqlalchemy.engine.Engine - INFO - [cached since 0.02401s ago] ('debate_sessions', 'r', 'p', 'f', 'v', 'm', 'pg_catalog')
2026-01-07 12:55:46,627 - sqlalchemy.engine.Engine - INFO - SELECT pg_catalog.pg_class.relname 
FROM pg_catalog.pg_class JOIN pg_catalog.pg_namespace ON pg_catalog.pg_namespace.oid = pg_catalog.pg_class.relnamespace 
WHERE pg_catalog.pg_class.relname = $1::VARCHAR AND pg_catalog.pg_class.relkind = ANY (ARRAY[$2::VARCHAR, $3::VARCHAR, $4::VARCHAR, $5::VARCHAR, $6::VARCHAR]) AND pg_catalog.pg_table_is_visible(pg_catalog.pg_class.oid) AND pg_catalog.pg_namespace.nspname != $7::VARCHAR
2026-01-07 12:55:46,634 - sqlalchemy.engine.Engine - INFO - [cached since 0.03818s ago] ('turns', 'r', 'p', 'f', 'v', 'm', 'pg_catalog')
2026-01-07 12:55:46,644 - sqlalchemy.engine.Engine - INFO - SELECT pg_catalog.pg_class.relname 
FROM pg_catalog.pg_class JOIN pg_catalog.pg_namespace ON pg_catalog.pg_namespace.oid = pg_catalog.pg_class.relnamespace 
WHERE pg_catalog.pg_class.relname = $1::VARCHAR AND pg_catalog.pg_class.relkind = ANY (ARRAY[$2::VARCHAR, $3::VARCHAR, $4::VARCHAR, $5::VARCHAR, $6::VARCHAR]) AND pg_catalog.pg_table_is_visible(pg_catalog.pg_class.oid) AND pg_catalog.pg_namespace.nspname != $7::VARCHAR
2026-01-07 12:55:46,659 - sqlalchemy.engine.Engine - INFO - [cached since 0.06256s ago] ('fallacies', 'r', 'p', 'f', 'v', 'm', 'pg_catalog')
2026-01-07 12:55:46,666 - sqlalchemy.engine.Engine - INFO - SELECT pg_catalog.pg_class.relname 
FROM pg_catalog.pg_class JOIN pg_catalog.pg_namespace ON pg_catalog.pg_namespace.oid = pg_catalog.pg_class.relnamespace 
WHERE pg_catalog.pg_class.relname = $1::VARCHAR AND pg_catalog.pg_class.relkind = ANY (ARRAY[$2::VARCHAR, $3::VARCHAR, $4::VARCHAR, $5::VARCHAR, $6::VARCHAR]) AND pg_catalog.pg_table_is_visible(pg_catalog.pg_class.oid) AND pg_catalog.pg_namespace.nspname != $7::VARCHAR
2026-01-07 12:55:46,669 - sqlalchemy.engine.Engine - INFO - [cached since 0.07299s ago] ('achievements', 'r', 'p', 'f', 'v', 'm', 'pg_catalog')
2026-01-07 12:55:46,671 - sqlalchemy.engine.Engine - INFO - COMMIT
2026-01-07 12:55:46,673 - main - INFO - Database tables created/verified
2026-01-07 12:55:46,674 - main - INFO - Application started successfully
2026-01-07 12:56:23,918 - sqlalchemy.engine.Engine - INFO - BEGIN (implicit)
2026-01-07 12:56:23,935 - sqlalchemy.engine.Engine - INFO - SELECT users.user_id, users.username, users.email, users.current_skill_level, users.total_debates, users.created_at, users.updated_at 
FROM users 
WHERE users.user_id = $1::UUID
2026-01-07 12:56:23,963 - sqlalchemy.engine.Engine - INFO - [generated in 0.02754s] ('8f3c2e7b-6b4a-4c9a-9e6f-2d5c1a8f7e42',)
2026-01-07 12:56:23,986 - sqlalchemy.engine.Engine - INFO - INSERT INTO debate_sessions (session_id, user_id, topic, difficulty, status, ended_at, total_turns, avg_argument_strength, fallacy_count, overall_performance) VALUES ($1::VARCHAR, $2::UUID, $3::VARCHAR, $4::VARCHAR, $5::VARCHAR, $6::TIMESTAMP WITH TIME ZONE, $7::INTEGER, $8::FLOAT, $9::INTEGER, $10::VARCHAR) RETURNING debate_sessions.started_at
2026-01-07 12:56:24,008 - sqlalchemy.engine.Engine - INFO - [generated in 0.02357s] ('debate_91142c211b7a', '8f3c2e7b-6b4a-4c9a-9e6f-2d5c1a8f7e42', 'ai', 'standard', 'active', None, None, None, None, None)
2026-01-07 12:56:24,025 - sqlalchemy.engine.Engine - INFO - COMMIT
2026-01-07 12:56:48,446 - sqlalchemy.engine.Engine - INFO - BEGIN (implicit)
2026-01-07 12:56:48,453 - sqlalchemy.engine.Engine - INFO - SELECT debate_sessions.session_id, debate_sessions.user_id, debate_sessions.topic, debate_sessions.difficulty, debate_sessions.status, debate_sessions.started_at, debate_sessions.ended_at, debate_sessions.total_turns, debate_sessions.avg_argument_strength, debate_sessions.fallacy_count, debate_sessions.overall_performance, debate_sessions.final_state 
FROM debate_sessions 
WHERE debate_sessions.session_id = $1::VARCHAR
2026-01-07 12:56:48,465 - sqlalchemy.engine.Engine - INFO - [generated in 0.01258s] ('debate_91142c211b7a',)
2026-01-07 12:56:48,488 - sqlalchemy.engine.Engine - INFO - SELECT turns.turn_id, turns.session_id, turns.turn_number, turns.user_input, turns.ai_response, turns.analyzer_output, turns.research_output, turns.socratic_output, turns.advocate_output, turns.user_skill_at_turn, turns.argument_strength, turns.timestamp 
FROM turns 
WHERE turns.session_id = $1::VARCHAR
2026-01-07 12:56:48,515 - sqlalchemy.engine.Engine - INFO - [generated in 0.02777s] ('debate_91142c211b7a',)
2026-01-07 12:56:58,879 - sqlalchemy.engine.Engine - INFO - INSERT INTO turns (turn_id, session_id, turn_number, user_input, ai_response, analyzer_output, research_output, socratic_output, advocate_output, user_skill_at_turn, argument_strength) VALUES ($1::UUID, $2::VARCHAR, $3::INTEGER, $4::VARCHAR, $5::VARCHAR, $6::JSONB, $7::JSONB, $8::JSONB, $9::JSONB, $10::FLOAT, $11::FLOAT) RETURNING turns.timestamp
2026-01-07 12:56:58,880 - sqlalchemy.engine.Engine - INFO - [generated in 0.00200s] (UUID('03994e3c-7e48-4d2b-92a1-01ad0bc886ef'), 'debate_91142c211b7a', 1, 'i think ai will take the human jobs', 'I need to think about your argument more carefully. Could you provide more details about your reasoning?', '{"claims": [{"text": "AI will take human jobs", "type": "main_claim", "is_new": false}], "evidence_provided": {"has_evidence": false, "evidence_type" ... (1182 characters truncated) ... ery low."}, "patterns": {"repeated_claim": true, "avoiding_counter_evidence": false, "emotional_language": false, "improving_from_last_turn": false}}', 'null', '{"questions": [{"question_text": "What specific types of jobs do you foresee AI replacing, and what makes you confident that AI will be able to perfo ... (1346 characters truncated) ... f_user_concedes": "explore_implications"}, "teaching_moment": {"fallacy_to_address": null, "gentle_explanation": null, "include_in_response": false}}', 'null', 0.34800000000000003, 1.0)
2026-01-07 12:56:58,894 - sqlalchemy.engine.Engine - INFO - COMMIT
2026-01-07 13:01:00,456 - main - INFO - Shutting down application...
2026-01-07 13:01:05,950 - main - INFO - Starting Debate AI System...
2026-01-07 13:01:06,109 - sqlalchemy.engine.Engine - INFO - select pg_catalog.version()
2026-01-07 13:01:06,110 - sqlalchemy.engine.Engine - INFO - [raw sql] ()
2026-01-07 13:01:06,113 - sqlalchemy.engine.Engine - INFO - select current_schema()
2026-01-07 13:01:06,114 - sqlalchemy.engine.Engine - INFO - [raw sql] ()
2026-01-07 13:01:06,117 - sqlalchemy.engine.Engine - INFO - show standard_conforming_strings
2026-01-07 13:01:06,123 - sqlalchemy.engine.Engine - INFO - [raw sql] ()
2026-01-07 13:01:06,126 - sqlalchemy.engine.Engine - INFO - BEGIN (implicit)
2026-01-07 13:01:06,134 - sqlalchemy.engine.Engine - INFO - SELECT pg_catalog.pg_class.relname 
FROM pg_catalog.pg_class JOIN pg_catalog.pg_namespace ON pg_catalog.pg_namespace.oid = pg_catalog.pg_class.relnamespace 
WHERE pg_catalog.pg_class.relname = $1::VARCHAR AND pg_catalog.pg_class.relkind = ANY (ARRAY[$2::VARCHAR, $3::VARCHAR, $4::VARCHAR, $5::VARCHAR, $6::VARCHAR]) AND pg_catalog.pg_table_is_visible(pg_catalog.pg_class.oid) AND pg_catalog.pg_namespace.nspname != $7::VARCHAR
2026-01-07 13:01:06,144 - sqlalchemy.engine.Engine - INFO - [generated in 0.00970s] ('users', 'r', 'p', 'f', 'v', 'm', 'pg_catalog')
2026-01-07 13:01:06,160 - sqlalchemy.engine.Engine - INFO - SELECT pg_catalog.pg_class.relname 
FROM pg_catalog.pg_class JOIN pg_catalog.pg_namespace ON pg_catalog.pg_namespace.oid = pg_catalog.pg_class.relnamespace 
WHERE pg_catalog.pg_class.relname = $1::VARCHAR AND pg_catalog.pg_class.relkind = ANY (ARRAY[$2::VARCHAR, $3::VARCHAR, $4::VARCHAR, $5::VARCHAR, $6::VARCHAR]) AND pg_catalog.pg_table_is_visible(pg_catalog.pg_class.oid) AND pg_catalog.pg_namespace.nspname != $7::VARCHAR
2026-01-07 13:01:06,162 - sqlalchemy.engine.Engine - INFO - [cached since 0.02815s ago] ('debate_sessions', 'r', 'p', 'f', 'v', 'm', 'pg_catalog')
2026-01-07 13:01:06,164 - sqlalchemy.engine.Engine - INFO - SELECT pg_catalog.pg_class.relname 
FROM pg_catalog.pg_class JOIN pg_catalog.pg_namespace ON pg_catalog.pg_namespace.oid = pg_catalog.pg_class.relnamespace 
WHERE pg_catalog.pg_class.relname = $1::VARCHAR AND pg_catalog.pg_class.relkind = ANY (ARRAY[$2::VARCHAR, $3::VARCHAR, $4::VARCHAR, $5::VARCHAR, $6::VARCHAR]) AND pg_catalog.pg_table_is_visible(pg_catalog.pg_class.oid) AND pg_catalog.pg_namespace.nspname != $7::VARCHAR
2026-01-07 13:01:06,168 - sqlalchemy.engine.Engine - INFO - [cached since 0.03364s ago] ('turns', 'r', 'p', 'f', 'v', 'm', 'pg_catalog')
2026-01-07 13:01:06,174 - sqlalchemy.engine.Engine - INFO - SELECT pg_catalog.pg_class.relname 
FROM pg_catalog.pg_class JOIN pg_catalog.pg_namespace ON pg_catalog.pg_namespace.oid = pg_catalog.pg_class.relnamespace 
WHERE pg_catalog.pg_class.relname = $1::VARCHAR AND pg_catalog.pg_class.relkind = ANY (ARRAY[$2::VARCHAR, $3::VARCHAR, $4::VARCHAR, $5::VARCHAR, $6::VARCHAR]) AND pg_catalog.pg_table_is_visible(pg_catalog.pg_class.oid) AND pg_catalog.pg_namespace.nspname != $7::VARCHAR
2026-01-07 13:01:06,175 - sqlalchemy.engine.Engine - INFO - [cached since 0.04136s ago] ('fallacies', 'r', 'p', 'f', 'v', 'm', 'pg_catalog')
2026-01-07 13:01:06,177 - sqlalchemy.engine.Engine - INFO - SELECT pg_catalog.pg_class.relname 
FROM pg_catalog.pg_class JOIN pg_catalog.pg_namespace ON pg_catalog.pg_namespace.oid = pg_catalog.pg_class.relnamespace 
WHERE pg_catalog.pg_class.relname = $1::VARCHAR AND pg_catalog.pg_class.relkind = ANY (ARRAY[$2::VARCHAR, $3::VARCHAR, $4::VARCHAR, $5::VARCHAR, $6::VARCHAR]) AND pg_catalog.pg_table_is_visible(pg_catalog.pg_class.oid) AND pg_catalog.pg_namespace.nspname != $7::VARCHAR
2026-01-07 13:01:06,180 - sqlalchemy.engine.Engine - INFO - [cached since 0.04646s ago] ('achievements', 'r', 'p', 'f', 'v', 'm', 'pg_catalog')
2026-01-07 13:01:06,182 - sqlalchemy.engine.Engine - INFO - COMMIT
2026-01-07 13:01:06,184 - main - INFO - Database tables created/verified
2026-01-07 13:01:06,184 - main - INFO - Application started successfully
2026-01-07 13:01:35,511 - sqlalchemy.engine.Engine - INFO - BEGIN (implicit)
2026-01-07 13:01:35,531 - sqlalchemy.engine.Engine - INFO - SELECT users.user_id, users.username, users.email, users.current_skill_level, users.total_debates, users.created_at, users.updated_at 
FROM users 
WHERE users.user_id = $1::UUID
2026-01-07 13:01:35,565 - sqlalchemy.engine.Engine - INFO - [generated in 0.03432s] ('8f3c2e7b-6b4a-4c9a-9e6f-2d5c1a8f7e42',)
2026-01-07 13:01:35,589 - sqlalchemy.engine.Engine - INFO - INSERT INTO debate_sessions (session_id, user_id, topic, difficulty, status, ended_at, total_turns, avg_argument_strength, fallacy_count, overall_performance) VALUES ($1::VARCHAR, $2::UUID, $3::VARCHAR, $4::VARCHAR, $5::VARCHAR, $6::TIMESTAMP WITH TIME ZONE, $7::INTEGER, $8::FLOAT, $9::INTEGER, $10::VARCHAR) RETURNING debate_sessions.started_at
2026-01-07 13:01:35,601 - sqlalchemy.engine.Engine - INFO - [generated in 0.01217s] ('debate_77aff72fafb0', '8f3c2e7b-6b4a-4c9a-9e6f-2d5c1a8f7e42', 'ai', 'standard', 'active', None, None, None, None, None)
2026-01-07 13:01:35,613 - sqlalchemy.engine.Engine - INFO - COMMIT
2026-01-07 13:02:06,031 - sqlalchemy.engine.Engine - INFO - BEGIN (implicit)
2026-01-07 13:02:06,039 - sqlalchemy.engine.Engine - INFO - SELECT debate_sessions.session_id, debate_sessions.user_id, debate_sessions.topic, debate_sessions.difficulty, debate_sessions.status, debate_sessions.started_at, debate_sessions.ended_at, debate_sessions.total_turns, debate_sessions.avg_argument_strength, debate_sessions.fallacy_count, debate_sessions.overall_performance, debate_sessions.final_state 
FROM debate_sessions 
WHERE debate_sessions.session_id = $1::VARCHAR
2026-01-07 13:02:06,071 - sqlalchemy.engine.Engine - INFO - [generated in 0.03227s] ('debate_77aff72fafb0',)
2026-01-07 13:02:06,087 - sqlalchemy.engine.Engine - INFO - SELECT turns.turn_id, turns.session_id, turns.turn_number, turns.user_input, turns.ai_response, turns.analyzer_output, turns.research_output, turns.socratic_output, turns.advocate_output, turns.user_skill_at_turn, turns.argument_strength, turns.timestamp 
FROM turns 
WHERE turns.session_id = $1::VARCHAR
2026-01-07 13:02:06,089 - sqlalchemy.engine.Engine - INFO - [generated in 0.00247s] ('debate_77aff72fafb0',)
2026-01-07 13:02:10,866 - langchain_google_genai.chat_models - WARNING - Retrying langchain_google_genai.chat_models._chat_with_retry.<locals>._chat_with_retry in 2.0 seconds as it raised ResourceExhausted: 429 You exceeded your current quota, please check your plan and billing details. For more information on this error, head to: https://ai.google.dev/gemini-api/docs/rate-limits. To monitor your current usage, head to: https://ai.dev/usage?tab=rate-limit. 
* Quota exceeded for metric: generativelanguage.googleapis.com/generate_content_free_tier_requests, limit: 0, model: gemini-2.0-flash-exp
* Quota exceeded for metric: generativelanguage.googleapis.com/generate_content_free_tier_requests, limit: 0, model: gemini-2.0-flash-exp
* Quota exceeded for metric: generativelanguage.googleapis.com/generate_content_free_tier_input_token_count, limit: 0, model: gemini-2.0-flash-exp
Please retry in 51.131758568s. [links {
  description: "Learn more about Gemini API quotas"
  url: "https://ai.google.dev/gemini-api/docs/rate-limits"
}
, violations {
}
violations {
}
violations {
}
, retry_delay {
  seconds: 51
}
].
2026-01-07 13:02:14,624 - langchain_google_genai.chat_models - WARNING - Retrying langchain_google_genai.chat_models._chat_with_retry.<locals>._chat_with_retry in 4.0 seconds as it raised ResourceExhausted: 429 You exceeded your current quota, please check your plan and billing details. For more information on this error, head to: https://ai.google.dev/gemini-api/docs/rate-limits. To monitor your current usage, head to: https://ai.dev/usage?tab=rate-limit. 
* Quota exceeded for metric: generativelanguage.googleapis.com/generate_content_free_tier_input_token_count, limit: 0, model: gemini-2.0-flash-exp
* Quota exceeded for metric: generativelanguage.googleapis.com/generate_content_free_tier_requests, limit: 0, model: gemini-2.0-flash-exp
* Quota exceeded for metric: generativelanguage.googleapis.com/generate_content_free_tier_requests, limit: 0, model: gemini-2.0-flash-exp
Please retry in 47.884467353s. [links {
  description: "Learn more about Gemini API quotas"
  url: "https://ai.google.dev/gemini-api/docs/rate-limits"
}
, violations {
}
violations {
}
violations {
}
, retry_delay {
  seconds: 47
}
].
2026-01-07 13:02:18,916 - langchain_google_genai.chat_models - WARNING - Retrying langchain_google_genai.chat_models._chat_with_retry.<locals>._chat_with_retry in 8.0 seconds as it raised ResourceExhausted: 429 You exceeded your current quota, please check your plan and billing details. For more information on this error, head to: https://ai.google.dev/gemini-api/docs/rate-limits. To monitor your current usage, head to: https://ai.dev/usage?tab=rate-limit. 
* Quota exceeded for metric: generativelanguage.googleapis.com/generate_content_free_tier_requests, limit: 0, model: gemini-2.0-flash-exp
* Quota exceeded for metric: generativelanguage.googleapis.com/generate_content_free_tier_requests, limit: 0, model: gemini-2.0-flash-exp
* Quota exceeded for metric: generativelanguage.googleapis.com/generate_content_free_tier_input_token_count, limit: 0, model: gemini-2.0-flash-exp
Please retry in 42.139308445s. [links {
  description: "Learn more about Gemini API quotas"
  url: "https://ai.google.dev/gemini-api/docs/rate-limits"
}
, violations {
}
violations {
}
violations {
}
, retry_delay {
  seconds: 42
}
].
2026-01-07 13:02:30,668 - langchain_google_genai.chat_models - WARNING - Retrying langchain_google_genai.chat_models._chat_with_retry.<locals>._chat_with_retry in 16.0 seconds as it raised ResourceExhausted: 429 You exceeded your current quota, please check your plan and billing details. For more information on this error, head to: https://ai.google.dev/gemini-api/docs/rate-limits. To monitor your current usage, head to: https://ai.dev/usage?tab=rate-limit. 
* Quota exceeded for metric: generativelanguage.googleapis.com/generate_content_free_tier_requests, limit: 0, model: gemini-2.0-flash-exp
* Quota exceeded for metric: generativelanguage.googleapis.com/generate_content_free_tier_requests, limit: 0, model: gemini-2.0-flash-exp
* Quota exceeded for metric: generativelanguage.googleapis.com/generate_content_free_tier_input_token_count, limit: 0, model: gemini-2.0-flash-exp
Please retry in 33.733607329s. [links {
  description: "Learn more about Gemini API quotas"
  url: "https://ai.google.dev/gemini-api/docs/rate-limits"
}
, violations {
}
violations {
}
violations {
}
, retry_delay {
  seconds: 33
}
].
2026-01-07 13:02:53,521 - langchain_google_genai.chat_models - WARNING - Retrying langchain_google_genai.chat_models._chat_with_retry.<locals>._chat_with_retry in 32.0 seconds as it raised ResourceExhausted: 429 You exceeded your current quota, please check your plan and billing details. For more information on this error, head to: https://ai.google.dev/gemini-api/docs/rate-limits. To monitor your current usage, head to: https://ai.dev/usage?tab=rate-limit. 
* Quota exceeded for metric: generativelanguage.googleapis.com/generate_content_free_tier_requests, limit: 0, model: gemini-2.0-flash-exp
* Quota exceeded for metric: generativelanguage.googleapis.com/generate_content_free_tier_requests, limit: 0, model: gemini-2.0-flash-exp
* Quota exceeded for metric: generativelanguage.googleapis.com/generate_content_free_tier_input_token_count, limit: 0, model: gemini-2.0-flash-exp
Please retry in 14.078764962s. [links {
  description: "Learn more about Gemini API quotas"
  url: "https://ai.google.dev/gemini-api/docs/rate-limits"
}
, violations {
}
violations {
}
violations {
}
, retry_delay {
  seconds: 14
}
].
2026-01-07 13:03:26,337 - langchain_google_genai.chat_models - WARNING - Retrying langchain_google_genai.chat_models._chat_with_retry.<locals>._chat_with_retry in 2.0 seconds as it raised ResourceExhausted: 429 You exceeded your current quota, please check your plan and billing details. For more information on this error, head to: https://ai.google.dev/gemini-api/docs/rate-limits. To monitor your current usage, head to: https://ai.dev/usage?tab=rate-limit. 
* Quota exceeded for metric: generativelanguage.googleapis.com/generate_content_free_tier_requests, limit: 0, model: gemini-2.0-flash-exp
* Quota exceeded for metric: generativelanguage.googleapis.com/generate_content_free_tier_requests, limit: 0, model: gemini-2.0-flash-exp
* Quota exceeded for metric: generativelanguage.googleapis.com/generate_content_free_tier_input_token_count, limit: 0, model: gemini-2.0-flash-exp
Please retry in 34.711513671s. [links {
  description: "Learn more about Gemini API quotas"
  url: "https://ai.google.dev/gemini-api/docs/rate-limits"
}
, violations {
}
violations {
}
violations {
}
, retry_delay {
  seconds: 34
}
].
2026-01-07 13:03:29,133 - langchain_google_genai.chat_models - WARNING - Retrying langchain_google_genai.chat_models._chat_with_retry.<locals>._chat_with_retry in 4.0 seconds as it raised ResourceExhausted: 429 You exceeded your current quota, please check your plan and billing details. For more information on this error, head to: https://ai.google.dev/gemini-api/docs/rate-limits. To monitor your current usage, head to: https://ai.dev/usage?tab=rate-limit. 
* Quota exceeded for metric: generativelanguage.googleapis.com/generate_content_free_tier_input_token_count, limit: 0, model: gemini-2.0-flash-exp
* Quota exceeded for metric: generativelanguage.googleapis.com/generate_content_free_tier_requests, limit: 0, model: gemini-2.0-flash-exp
* Quota exceeded for metric: generativelanguage.googleapis.com/generate_content_free_tier_requests, limit: 0, model: gemini-2.0-flash-exp
Please retry in 32.434434408s. [links {
  description: "Learn more about Gemini API quotas"
  url: "https://ai.google.dev/gemini-api/docs/rate-limits"
}
, violations {
}
violations {
}
violations {
}
, retry_delay {
  seconds: 32
}
].
2026-01-07 13:03:33,392 - langchain_google_genai.chat_models - WARNING - Retrying langchain_google_genai.chat_models._chat_with_retry.<locals>._chat_with_retry in 8.0 seconds as it raised ResourceExhausted: 429 You exceeded your current quota, please check your plan and billing details. For more information on this error, head to: https://ai.google.dev/gemini-api/docs/rate-limits. To monitor your current usage, head to: https://ai.dev/usage?tab=rate-limit. 
* Quota exceeded for metric: generativelanguage.googleapis.com/generate_content_free_tier_input_token_count, limit: 0, model: gemini-2.0-flash-exp
* Quota exceeded for metric: generativelanguage.googleapis.com/generate_content_free_tier_requests, limit: 0, model: gemini-2.0-flash-exp
* Quota exceeded for metric: generativelanguage.googleapis.com/generate_content_free_tier_requests, limit: 0, model: gemini-2.0-flash-exp
Please retry in 27.664185619s. [links {
  description: "Learn more about Gemini API quotas"
  url: "https://ai.google.dev/gemini-api/docs/rate-limits"
}
, violations {
}
violations {
}
violations {
}
, retry_delay {
  seconds: 27
}
].
2026-01-07 13:04:51,280 - main - INFO - Starting Debate AI System...
2026-01-07 13:04:51,396 - sqlalchemy.engine.Engine - INFO - select pg_catalog.version()
2026-01-07 13:04:51,396 - sqlalchemy.engine.Engine - INFO - [raw sql] ()
2026-01-07 13:04:51,399 - sqlalchemy.engine.Engine - INFO - select current_schema()
2026-01-07 13:04:51,400 - sqlalchemy.engine.Engine - INFO - [raw sql] ()
2026-01-07 13:04:51,403 - sqlalchemy.engine.Engine - INFO - show standard_conforming_strings
2026-01-07 13:04:51,405 - sqlalchemy.engine.Engine - INFO - [raw sql] ()
2026-01-07 13:04:51,408 - sqlalchemy.engine.Engine - INFO - BEGIN (implicit)
2026-01-07 13:04:51,418 - sqlalchemy.engine.Engine - INFO - SELECT pg_catalog.pg_class.relname 
FROM pg_catalog.pg_class JOIN pg_catalog.pg_namespace ON pg_catalog.pg_namespace.oid = pg_catalog.pg_class.relnamespace 
WHERE pg_catalog.pg_class.relname = $1::VARCHAR AND pg_catalog.pg_class.relkind = ANY (ARRAY[$2::VARCHAR, $3::VARCHAR, $4::VARCHAR, $5::VARCHAR, $6::VARCHAR]) AND pg_catalog.pg_table_is_visible(pg_catalog.pg_class.oid) AND pg_catalog.pg_namespace.nspname != $7::VARCHAR
2026-01-07 13:04:51,420 - sqlalchemy.engine.Engine - INFO - [generated in 0.00210s] ('users', 'r', 'p', 'f', 'v', 'm', 'pg_catalog')
2026-01-07 13:04:51,436 - sqlalchemy.engine.Engine - INFO - SELECT pg_catalog.pg_class.relname 
FROM pg_catalog.pg_class JOIN pg_catalog.pg_namespace ON pg_catalog.pg_namespace.oid = pg_catalog.pg_class.relnamespace 
WHERE pg_catalog.pg_class.relname = $1::VARCHAR AND pg_catalog.pg_class.relkind = ANY (ARRAY[$2::VARCHAR, $3::VARCHAR, $4::VARCHAR, $5::VARCHAR, $6::VARCHAR]) AND pg_catalog.pg_table_is_visible(pg_catalog.pg_class.oid) AND pg_catalog.pg_namespace.nspname != $7::VARCHAR
2026-01-07 13:04:51,439 - sqlalchemy.engine.Engine - INFO - [cached since 0.02129s ago] ('debate_sessions', 'r', 'p', 'f', 'v', 'm', 'pg_catalog')
2026-01-07 13:04:51,441 - sqlalchemy.engine.Engine - INFO - SELECT pg_catalog.pg_class.relname 
FROM pg_catalog.pg_class JOIN pg_catalog.pg_namespace ON pg_catalog.pg_namespace.oid = pg_catalog.pg_class.relnamespace 
WHERE pg_catalog.pg_class.relname = $1::VARCHAR AND pg_catalog.pg_class.relkind = ANY (ARRAY[$2::VARCHAR, $3::VARCHAR, $4::VARCHAR, $5::VARCHAR, $6::VARCHAR]) AND pg_catalog.pg_table_is_visible(pg_catalog.pg_class.oid) AND pg_catalog.pg_namespace.nspname != $7::VARCHAR
2026-01-07 13:04:51,449 - sqlalchemy.engine.Engine - INFO - [cached since 0.03131s ago] ('turns', 'r', 'p', 'f', 'v', 'm', 'pg_catalog')
2026-01-07 13:04:51,452 - sqlalchemy.engine.Engine - INFO - SELECT pg_catalog.pg_class.relname 
FROM pg_catalog.pg_class JOIN pg_catalog.pg_namespace ON pg_catalog.pg_namespace.oid = pg_catalog.pg_class.relnamespace 
WHERE pg_catalog.pg_class.relname = $1::VARCHAR AND pg_catalog.pg_class.relkind = ANY (ARRAY[$2::VARCHAR, $3::VARCHAR, $4::VARCHAR, $5::VARCHAR, $6::VARCHAR]) AND pg_catalog.pg_table_is_visible(pg_catalog.pg_class.oid) AND pg_catalog.pg_namespace.nspname != $7::VARCHAR
2026-01-07 13:04:51,455 - sqlalchemy.engine.Engine - INFO - [cached since 0.03728s ago] ('fallacies', 'r', 'p', 'f', 'v', 'm', 'pg_catalog')
2026-01-07 13:04:51,457 - sqlalchemy.engine.Engine - INFO - SELECT pg_catalog.pg_class.relname 
FROM pg_catalog.pg_class JOIN pg_catalog.pg_namespace ON pg_catalog.pg_namespace.oid = pg_catalog.pg_class.relnamespace 
WHERE pg_catalog.pg_class.relname = $1::VARCHAR AND pg_catalog.pg_class.relkind = ANY (ARRAY[$2::VARCHAR, $3::VARCHAR, $4::VARCHAR, $5::VARCHAR, $6::VARCHAR]) AND pg_catalog.pg_table_is_visible(pg_catalog.pg_class.oid) AND pg_catalog.pg_namespace.nspname != $7::VARCHAR
2026-01-07 13:04:51,464 - sqlalchemy.engine.Engine - INFO - [cached since 0.04618s ago] ('achievements', 'r', 'p', 'f', 'v', 'm', 'pg_catalog')
2026-01-07 13:04:51,466 - sqlalchemy.engine.Engine - INFO - COMMIT
2026-01-07 13:04:51,468 - main - INFO - Database tables created/verified
2026-01-07 13:04:51,469 - main - INFO - Application started successfully
2026-01-07 13:05:12,543 - main - INFO - Starting Debate AI System...
2026-01-07 13:05:12,932 - sqlalchemy.engine.Engine - INFO - select pg_catalog.version()
2026-01-07 13:05:12,934 - sqlalchemy.engine.Engine - INFO - [raw sql] ()
2026-01-07 13:05:12,942 - sqlalchemy.engine.Engine - INFO - select current_schema()
2026-01-07 13:05:12,944 - sqlalchemy.engine.Engine - INFO - [raw sql] ()
2026-01-07 13:05:12,956 - sqlalchemy.engine.Engine - INFO - show standard_conforming_strings
2026-01-07 13:05:12,959 - sqlalchemy.engine.Engine - INFO - [raw sql] ()
2026-01-07 13:05:12,966 - sqlalchemy.engine.Engine - INFO - BEGIN (implicit)
2026-01-07 13:05:13,000 - sqlalchemy.engine.Engine - INFO - SELECT pg_catalog.pg_class.relname 
FROM pg_catalog.pg_class JOIN pg_catalog.pg_namespace ON pg_catalog.pg_namespace.oid = pg_catalog.pg_class.relnamespace 
WHERE pg_catalog.pg_class.relname = $1::VARCHAR AND pg_catalog.pg_class.relkind = ANY (ARRAY[$2::VARCHAR, $3::VARCHAR, $4::VARCHAR, $5::VARCHAR, $6::VARCHAR]) AND pg_catalog.pg_table_is_visible(pg_catalog.pg_class.oid) AND pg_catalog.pg_namespace.nspname != $7::VARCHAR
2026-01-07 13:05:13,014 - sqlalchemy.engine.Engine - INFO - [generated in 0.01551s] ('users', 'r', 'p', 'f', 'v', 'm', 'pg_catalog')
2026-01-07 13:05:13,058 - sqlalchemy.engine.Engine - INFO - SELECT pg_catalog.pg_class.relname 
FROM pg_catalog.pg_class JOIN pg_catalog.pg_namespace ON pg_catalog.pg_namespace.oid = pg_catalog.pg_class.relnamespace 
WHERE pg_catalog.pg_class.relname = $1::VARCHAR AND pg_catalog.pg_class.relkind = ANY (ARRAY[$2::VARCHAR, $3::VARCHAR, $4::VARCHAR, $5::VARCHAR, $6::VARCHAR]) AND pg_catalog.pg_table_is_visible(pg_catalog.pg_class.oid) AND pg_catalog.pg_namespace.nspname != $7::VARCHAR
2026-01-07 13:05:13,071 - sqlalchemy.engine.Engine - INFO - [cached since 0.07181s ago] ('debate_sessions', 'r', 'p', 'f', 'v', 'm', 'pg_catalog')
2026-01-07 13:05:13,077 - sqlalchemy.engine.Engine - INFO - SELECT pg_catalog.pg_class.relname 
FROM pg_catalog.pg_class JOIN pg_catalog.pg_namespace ON pg_catalog.pg_namespace.oid = pg_catalog.pg_class.relnamespace 
WHERE pg_catalog.pg_class.relname = $1::VARCHAR AND pg_catalog.pg_class.relkind = ANY (ARRAY[$2::VARCHAR, $3::VARCHAR, $4::VARCHAR, $5::VARCHAR, $6::VARCHAR]) AND pg_catalog.pg_table_is_visible(pg_catalog.pg_class.oid) AND pg_catalog.pg_namespace.nspname != $7::VARCHAR
2026-01-07 13:05:13,093 - sqlalchemy.engine.Engine - INFO - [cached since 0.09449s ago] ('turns', 'r', 'p', 'f', 'v', 'm', 'pg_catalog')
2026-01-07 13:05:13,101 - sqlalchemy.engine.Engine - INFO - SELECT pg_catalog.pg_class.relname 
FROM pg_catalog.pg_class JOIN pg_catalog.pg_namespace ON pg_catalog.pg_namespace.oid = pg_catalog.pg_class.relnamespace 
WHERE pg_catalog.pg_class.relname = $1::VARCHAR AND pg_catalog.pg_class.relkind = ANY (ARRAY[$2::VARCHAR, $3::VARCHAR, $4::VARCHAR, $5::VARCHAR, $6::VARCHAR]) AND pg_catalog.pg_table_is_visible(pg_catalog.pg_class.oid) AND pg_catalog.pg_namespace.nspname != $7::VARCHAR
2026-01-07 13:05:13,119 - sqlalchemy.engine.Engine - INFO - [cached since 0.1196s ago] ('fallacies', 'r', 'p', 'f', 'v', 'm', 'pg_catalog')
2026-01-07 13:05:13,127 - sqlalchemy.engine.Engine - INFO - SELECT pg_catalog.pg_class.relname 
FROM pg_catalog.pg_class JOIN pg_catalog.pg_namespace ON pg_catalog.pg_namespace.oid = pg_catalog.pg_class.relnamespace 
WHERE pg_catalog.pg_class.relname = $1::VARCHAR AND pg_catalog.pg_class.relkind = ANY (ARRAY[$2::VARCHAR, $3::VARCHAR, $4::VARCHAR, $5::VARCHAR, $6::VARCHAR]) AND pg_catalog.pg_table_is_visible(pg_catalog.pg_class.oid) AND pg_catalog.pg_namespace.nspname != $7::VARCHAR
2026-01-07 13:05:13,136 - sqlalchemy.engine.Engine - INFO - [cached since 0.1365s ago] ('achievements', 'r', 'p', 'f', 'v', 'm', 'pg_catalog')
2026-01-07 13:05:13,145 - sqlalchemy.engine.Engine - INFO - COMMIT
2026-01-07 13:05:13,172 - main - INFO - Database tables created/verified
2026-01-07 13:05:13,180 - main - INFO - Application started successfully
2026-01-07 13:06:01,008 - sqlalchemy.engine.Engine - INFO - BEGIN (implicit)
2026-01-07 13:06:01,046 - sqlalchemy.engine.Engine - INFO - SELECT users.user_id, users.username, users.email, users.current_skill_level, users.total_debates, users.created_at, users.updated_at 
FROM users 
WHERE users.user_id = $1::UUID
2026-01-07 13:06:01,059 - sqlalchemy.engine.Engine - INFO - [generated in 0.01230s] ('8f3c2e7b-6b4a-4c9a-9e6f-2d5c1a8f7e42',)
2026-01-07 13:06:01,079 - sqlalchemy.engine.Engine - INFO - INSERT INTO debate_sessions (session_id, user_id, topic, difficulty, status, ended_at, total_turns, avg_argument_strength, fallacy_count, overall_performance) VALUES ($1::VARCHAR, $2::UUID, $3::VARCHAR, $4::VARCHAR, $5::VARCHAR, $6::TIMESTAMP WITH TIME ZONE, $7::INTEGER, $8::FLOAT, $9::INTEGER, $10::VARCHAR) RETURNING debate_sessions.started_at
2026-01-07 13:06:01,082 - sqlalchemy.engine.Engine - INFO - [generated in 0.00330s] ('debate_33e2e3e22c39', '8f3c2e7b-6b4a-4c9a-9e6f-2d5c1a8f7e42', 'ai', 'standard', 'active', None, None, None, None, None)
2026-01-07 13:06:01,089 - sqlalchemy.engine.Engine - INFO - COMMIT
2026-01-07 13:06:26,319 - sqlalchemy.engine.Engine - INFO - BEGIN (implicit)
2026-01-07 13:06:26,324 - sqlalchemy.engine.Engine - INFO - SELECT debate_sessions.session_id, debate_sessions.user_id, debate_sessions.topic, debate_sessions.difficulty, debate_sessions.status, debate_sessions.started_at, debate_sessions.ended_at, debate_sessions.total_turns, debate_sessions.avg_argument_strength, debate_sessions.fallacy_count, debate_sessions.overall_performance, debate_sessions.final_state 
FROM debate_sessions 
WHERE debate_sessions.session_id = $1::VARCHAR
2026-01-07 13:06:26,377 - sqlalchemy.engine.Engine - INFO - [generated in 0.05221s] ('debate_33e2e3e22c39',)
2026-01-07 13:06:26,404 - sqlalchemy.engine.Engine - INFO - SELECT turns.turn_id, turns.session_id, turns.turn_number, turns.user_input, turns.ai_response, turns.analyzer_output, turns.research_output, turns.socratic_output, turns.advocate_output, turns.user_skill_at_turn, turns.argument_strength, turns.timestamp 
FROM turns 
WHERE turns.session_id = $1::VARCHAR
2026-01-07 13:06:26,407 - sqlalchemy.engine.Engine - INFO - [generated in 0.00318s] ('debate_33e2e3e22c39',)
2026-01-07 13:06:45,945 - langchain_google_genai.chat_models - WARNING - Retrying langchain_google_genai.chat_models._chat_with_retry.<locals>._chat_with_retry in 2.0 seconds as it raised ResourceExhausted: 429 You exceeded your current quota, please check your plan and billing details. For more information on this error, head to: https://ai.google.dev/gemini-api/docs/rate-limits. To monitor your current usage, head to: https://ai.dev/usage?tab=rate-limit. 
* Quota exceeded for metric: generativelanguage.googleapis.com/generate_content_free_tier_input_token_count, limit: 0, model: gemini-2.0-flash-exp
* Quota exceeded for metric: generativelanguage.googleapis.com/generate_content_free_tier_requests, limit: 0, model: gemini-2.0-flash-exp
* Quota exceeded for metric: generativelanguage.googleapis.com/generate_content_free_tier_requests, limit: 0, model: gemini-2.0-flash-exp
Please retry in 15.12976395s. [links {
  description: "Learn more about Gemini API quotas"
  url: "https://ai.google.dev/gemini-api/docs/rate-limits"
}
, violations {
}
violations {
}
violations {
}
, retry_delay {
  seconds: 15
}
].
2026-01-07 13:06:48,227 - langchain_google_genai.chat_models - WARNING - Retrying langchain_google_genai.chat_models._chat_with_retry.<locals>._chat_with_retry in 4.0 seconds as it raised ResourceExhausted: 429 You exceeded your current quota, please check your plan and billing details. For more information on this error, head to: https://ai.google.dev/gemini-api/docs/rate-limits. To monitor your current usage, head to: https://ai.dev/usage?tab=rate-limit. 
* Quota exceeded for metric: generativelanguage.googleapis.com/generate_content_free_tier_requests, limit: 0, model: gemini-2.0-flash-exp
* Quota exceeded for metric: generativelanguage.googleapis.com/generate_content_free_tier_requests, limit: 0, model: gemini-2.0-flash-exp
* Quota exceeded for metric: generativelanguage.googleapis.com/generate_content_free_tier_input_token_count, limit: 0, model: gemini-2.0-flash-exp
Please retry in 12.817757117s. [links {
  description: "Learn more about Gemini API quotas"
  url: "https://ai.google.dev/gemini-api/docs/rate-limits"
}
, violations {
}
violations {
}
violations {
}
, retry_delay {
  seconds: 12
}
].
2026-01-07 13:06:52,626 - langchain_google_genai.chat_models - WARNING - Retrying langchain_google_genai.chat_models._chat_with_retry.<locals>._chat_with_retry in 8.0 seconds as it raised ResourceExhausted: 429 You exceeded your current quota, please check your plan and billing details. For more information on this error, head to: https://ai.google.dev/gemini-api/docs/rate-limits. To monitor your current usage, head to: https://ai.dev/usage?tab=rate-limit. 
* Quota exceeded for metric: generativelanguage.googleapis.com/generate_content_free_tier_input_token_count, limit: 0, model: gemini-2.0-flash-exp
* Quota exceeded for metric: generativelanguage.googleapis.com/generate_content_free_tier_requests, limit: 0, model: gemini-2.0-flash-exp
* Quota exceeded for metric: generativelanguage.googleapis.com/generate_content_free_tier_requests, limit: 0, model: gemini-2.0-flash-exp
Please retry in 8.530644482s. [links {
  description: "Learn more about Gemini API quotas"
  url: "https://ai.google.dev/gemini-api/docs/rate-limits"
}
, violations {
}
violations {
}
violations {
}
, retry_delay {
  seconds: 8
}
].
2026-01-07 13:07:01,029 - langchain_google_genai.chat_models - WARNING - Retrying langchain_google_genai.chat_models._chat_with_retry.<locals>._chat_with_retry in 16.0 seconds as it raised ResourceExhausted: 429 You exceeded your current quota, please check your plan and billing details. For more information on this error, head to: https://ai.google.dev/gemini-api/docs/rate-limits. To monitor your current usage, head to: https://ai.dev/usage?tab=rate-limit. 
* Quota exceeded for metric: generativelanguage.googleapis.com/generate_content_free_tier_requests, limit: 0, model: gemini-2.0-flash-exp
* Quota exceeded for metric: generativelanguage.googleapis.com/generate_content_free_tier_requests, limit: 0, model: gemini-2.0-flash-exp
* Quota exceeded for metric: generativelanguage.googleapis.com/generate_content_free_tier_input_token_count, limit: 0, model: gemini-2.0-flash-exp
Please retry in 122.562211ms. [links {
  description: "Learn more about Gemini API quotas"
  url: "https://ai.google.dev/gemini-api/docs/rate-limits"
}
, violations {
}
violations {
}
violations {
}
, retry_delay {
}
].
2026-01-07 13:07:17,359 - langchain_google_genai.chat_models - WARNING - Retrying langchain_google_genai.chat_models._chat_with_retry.<locals>._chat_with_retry in 32.0 seconds as it raised ResourceExhausted: 429 You exceeded your current quota, please check your plan and billing details. For more information on this error, head to: https://ai.google.dev/gemini-api/docs/rate-limits. To monitor your current usage, head to: https://ai.dev/usage?tab=rate-limit. 
* Quota exceeded for metric: generativelanguage.googleapis.com/generate_content_free_tier_input_token_count, limit: 0, model: gemini-2.0-flash-exp
* Quota exceeded for metric: generativelanguage.googleapis.com/generate_content_free_tier_requests, limit: 0, model: gemini-2.0-flash-exp
* Quota exceeded for metric: generativelanguage.googleapis.com/generate_content_free_tier_requests, limit: 0, model: gemini-2.0-flash-exp
Please retry in 43.712286714s. [links {
  description: "Learn more about Gemini API quotas"
  url: "https://ai.google.dev/gemini-api/docs/rate-limits"
}
, violations {
}
violations {
}
violations {
}
, retry_delay {
  seconds: 43
}
].
2026-01-07 13:08:11,089 - main - INFO - Starting Debate AI System...
2026-01-07 13:08:11,219 - sqlalchemy.engine.Engine - INFO - select pg_catalog.version()
2026-01-07 13:08:11,219 - sqlalchemy.engine.Engine - INFO - [raw sql] ()
2026-01-07 13:08:11,222 - sqlalchemy.engine.Engine - INFO - select current_schema()
2026-01-07 13:08:11,222 - sqlalchemy.engine.Engine - INFO - [raw sql] ()
2026-01-07 13:08:11,224 - sqlalchemy.engine.Engine - INFO - show standard_conforming_strings
2026-01-07 13:08:11,225 - sqlalchemy.engine.Engine - INFO - [raw sql] ()
2026-01-07 13:08:11,228 - sqlalchemy.engine.Engine - INFO - BEGIN (implicit)
2026-01-07 13:08:11,233 - sqlalchemy.engine.Engine - INFO - SELECT pg_catalog.pg_class.relname 
FROM pg_catalog.pg_class JOIN pg_catalog.pg_namespace ON pg_catalog.pg_namespace.oid = pg_catalog.pg_class.relnamespace 
WHERE pg_catalog.pg_class.relname = $1::VARCHAR AND pg_catalog.pg_class.relkind = ANY (ARRAY[$2::VARCHAR, $3::VARCHAR, $4::VARCHAR, $5::VARCHAR, $6::VARCHAR]) AND pg_catalog.pg_table_is_visible(pg_catalog.pg_class.oid) AND pg_catalog.pg_namespace.nspname != $7::VARCHAR
2026-01-07 13:08:11,238 - sqlalchemy.engine.Engine - INFO - [generated in 0.00461s] ('users', 'r', 'p', 'f', 'v', 'm', 'pg_catalog')
2026-01-07 13:08:11,249 - sqlalchemy.engine.Engine - INFO - SELECT pg_catalog.pg_class.relname 
FROM pg_catalog.pg_class JOIN pg_catalog.pg_namespace ON pg_catalog.pg_namespace.oid = pg_catalog.pg_class.relnamespace 
WHERE pg_catalog.pg_class.relname = $1::VARCHAR AND pg_catalog.pg_class.relkind = ANY (ARRAY[$2::VARCHAR, $3::VARCHAR, $4::VARCHAR, $5::VARCHAR, $6::VARCHAR]) AND pg_catalog.pg_table_is_visible(pg_catalog.pg_class.oid) AND pg_catalog.pg_namespace.nspname != $7::VARCHAR
2026-01-07 13:08:11,251 - sqlalchemy.engine.Engine - INFO - [cached since 0.01823s ago] ('debate_sessions', 'r', 'p', 'f', 'v', 'm', 'pg_catalog')
2026-01-07 13:08:11,257 - sqlalchemy.engine.Engine - INFO - SELECT pg_catalog.pg_class.relname 
FROM pg_catalog.pg_class JOIN pg_catalog.pg_namespace ON pg_catalog.pg_namespace.oid = pg_catalog.pg_class.relnamespace 
WHERE pg_catalog.pg_class.relname = $1::VARCHAR AND pg_catalog.pg_class.relkind = ANY (ARRAY[$2::VARCHAR, $3::VARCHAR, $4::VARCHAR, $5::VARCHAR, $6::VARCHAR]) AND pg_catalog.pg_table_is_visible(pg_catalog.pg_class.oid) AND pg_catalog.pg_namespace.nspname != $7::VARCHAR
2026-01-07 13:08:11,258 - sqlalchemy.engine.Engine - INFO - [cached since 0.0252s ago] ('turns', 'r', 'p', 'f', 'v', 'm', 'pg_catalog')
2026-01-07 13:08:11,262 - sqlalchemy.engine.Engine - INFO - SELECT pg_catalog.pg_class.relname 
FROM pg_catalog.pg_class JOIN pg_catalog.pg_namespace ON pg_catalog.pg_namespace.oid = pg_catalog.pg_class.relnamespace 
WHERE pg_catalog.pg_class.relname = $1::VARCHAR AND pg_catalog.pg_class.relkind = ANY (ARRAY[$2::VARCHAR, $3::VARCHAR, $4::VARCHAR, $5::VARCHAR, $6::VARCHAR]) AND pg_catalog.pg_table_is_visible(pg_catalog.pg_class.oid) AND pg_catalog.pg_namespace.nspname != $7::VARCHAR
2026-01-07 13:08:11,264 - sqlalchemy.engine.Engine - INFO - [cached since 0.03058s ago] ('fallacies', 'r', 'p', 'f', 'v', 'm', 'pg_catalog')
2026-01-07 13:08:11,266 - sqlalchemy.engine.Engine - INFO - SELECT pg_catalog.pg_class.relname 
FROM pg_catalog.pg_class JOIN pg_catalog.pg_namespace ON pg_catalog.pg_namespace.oid = pg_catalog.pg_class.relnamespace 
WHERE pg_catalog.pg_class.relname = $1::VARCHAR AND pg_catalog.pg_class.relkind = ANY (ARRAY[$2::VARCHAR, $3::VARCHAR, $4::VARCHAR, $5::VARCHAR, $6::VARCHAR]) AND pg_catalog.pg_table_is_visible(pg_catalog.pg_class.oid) AND pg_catalog.pg_namespace.nspname != $7::VARCHAR
2026-01-07 13:08:11,267 - sqlalchemy.engine.Engine - INFO - [cached since 0.03413s ago] ('achievements', 'r', 'p', 'f', 'v', 'm', 'pg_catalog')
2026-01-07 13:08:11,270 - sqlalchemy.engine.Engine - INFO - COMMIT
2026-01-07 13:08:11,274 - main - INFO - Database tables created/verified
2026-01-07 13:08:11,274 - main - INFO - Application started successfully
2026-01-07 13:08:20,801 - sqlalchemy.engine.Engine - INFO - BEGIN (implicit)
2026-01-07 13:08:20,814 - sqlalchemy.engine.Engine - INFO - SELECT users.user_id, users.username, users.email, users.current_skill_level, users.total_debates, users.created_at, users.updated_at 
FROM users 
WHERE users.user_id = $1::UUID
2026-01-07 13:08:20,829 - sqlalchemy.engine.Engine - INFO - [generated in 0.01475s] ('8f3c2e7b-6b4a-4c9a-9e6f-2d5c1a8f7e42',)
2026-01-07 13:08:20,853 - sqlalchemy.engine.Engine - INFO - INSERT INTO debate_sessions (session_id, user_id, topic, difficulty, status, ended_at, total_turns, avg_argument_strength, fallacy_count, overall_performance) VALUES ($1::VARCHAR, $2::UUID, $3::VARCHAR, $4::VARCHAR, $5::VARCHAR, $6::TIMESTAMP WITH TIME ZONE, $7::INTEGER, $8::FLOAT, $9::INTEGER, $10::VARCHAR) RETURNING debate_sessions.started_at
2026-01-07 13:08:20,859 - sqlalchemy.engine.Engine - INFO - [generated in 0.00715s] ('debate_1319812bb451', '8f3c2e7b-6b4a-4c9a-9e6f-2d5c1a8f7e42', 'ai', 'standard', 'active', None, None, None, None, None)
2026-01-07 13:08:20,867 - sqlalchemy.engine.Engine - INFO - COMMIT
2026-01-07 13:08:37,976 - sqlalchemy.engine.Engine - INFO - BEGIN (implicit)
2026-01-07 13:08:37,978 - sqlalchemy.engine.Engine - INFO - SELECT debate_sessions.session_id, debate_sessions.user_id, debate_sessions.topic, debate_sessions.difficulty, debate_sessions.status, debate_sessions.started_at, debate_sessions.ended_at, debate_sessions.total_turns, debate_sessions.avg_argument_strength, debate_sessions.fallacy_count, debate_sessions.overall_performance, debate_sessions.final_state 
FROM debate_sessions 
WHERE debate_sessions.session_id = $1::VARCHAR
2026-01-07 13:08:37,981 - sqlalchemy.engine.Engine - INFO - [generated in 0.00289s] ('debate_1319812bb451',)
2026-01-07 13:08:37,996 - sqlalchemy.engine.Engine - INFO - SELECT turns.turn_id, turns.session_id, turns.turn_number, turns.user_input, turns.ai_response, turns.analyzer_output, turns.research_output, turns.socratic_output, turns.advocate_output, turns.user_skill_at_turn, turns.argument_strength, turns.timestamp 
FROM turns 
WHERE turns.session_id = $1::VARCHAR
2026-01-07 13:08:38,000 - sqlalchemy.engine.Engine - INFO - [generated in 0.00334s] ('debate_1319812bb451',)
2026-01-07 13:08:52,808 - sqlalchemy.engine.Engine - INFO - INSERT INTO turns (turn_id, session_id, turn_number, user_input, ai_response, analyzer_output, research_output, socratic_output, advocate_output, user_skill_at_turn, argument_strength) VALUES ($1::UUID, $2::VARCHAR, $3::INTEGER, $4::VARCHAR, $5::VARCHAR, $6::JSONB, $7::JSONB, $8::JSONB, $9::JSONB, $10::FLOAT, $11::FLOAT) RETURNING turns.timestamp
2026-01-07 13:08:52,811 - sqlalchemy.engine.Engine - INFO - [generated in 0.00314s] (UUID('edfff064-9d6e-4ff7-a345-2996dca32d77'), 'debate_1319812bb451', 1, 'i think ai will take the human jobs', "**Argument Quality:** 1.0/10\n(The argument is a mere assertion without any supporting evidence or logical reasoning. The claim is stated, but no exp ... (1080 characters truncated) ... ofessions?\n3. Could there be new types of jobs created by AI that we can't even imagine yet, similar to how the internet created new job categories?", '{"claims": [{"text": "AI will take human jobs", "type": "main_claim", "is_new": false}], "evidence_provided": {"has_evidence": false, "evidence_type" ... (2124 characters truncated) ... erstood."}, "patterns": {"repeated_claim": true, "avoiding_counter_evidence": false, "emotional_language": false, "improving_from_last_turn": false}}', 'null', '{"questions": [{"question_text": "When you say AI will take human jobs, are you thinking about all jobs, or specific types of jobs? What makes you be ... (1115 characters truncated) ... f_user_concedes": "explore_implications"}, "teaching_moment": {"fallacy_to_address": null, "gentle_explanation": null, "include_in_response": false}}', 'null', 0.34800000000000003, 1.0)
2026-01-07 13:08:52,822 - sqlalchemy.engine.Engine - INFO - INSERT INTO fallacies (fallacy_id, session_id, turn_id, fallacy_type, text_span, explanation, severity) VALUES ($1::UUID, $2::VARCHAR, $3::UUID, $4::VARCHAR, $5::VARCHAR, $6::VARCHAR, $7::VARCHAR) RETURNING fallacies.detected_at
2026-01-07 13:08:52,827 - sqlalchemy.engine.Engine - INFO - [generated in 0.00532s] (UUID('ffd5045b-6fac-465f-ac16-2ed6fe95ee1c'), 'debate_1319812bb451', UUID('edfff064-9d6e-4ff7-a345-2996dca32d77'), 'Hasty generalization', '', '', 'moderate')
2026-01-07 13:08:52,843 - sqlalchemy.engine.Engine - INFO - COMMIT
